tez_no,thesis_key,encrypted_no,author,year,title,title_en,title_tr,university,university_raw,language,thesis_type,subject,advisor,institute,department,keywords,abstract,pdf_available
992943,rghS5NWOyu1oMZpkNv6DZw,174-IkXgu5ru5QD7VUd8wg,KERİM ALPER KAVUŞAN,2026,Identification of key gene pathways in alzheimer\'s diseaseusing machine learning methods on gene expression data / Gen ekspresyon verileriyle alzheimer risk tahmini ve yolak analizi,Identification of key gene pathways in alzheimer\'s diseaseusing machine learning methods on gene expression data,Gen ekspresyon verileriyle alzheimer risk tahmini ve yolak analizi,Istanbul Technical University,İSTANBUL TEKNİK ÜNİVERSİTESİ,İngilizce,Yüksek Lisans,Endüstri ve Endüstri Mühendisliği = Industrial and Industrial Engineering,,,,,,false
1000786,M9LndFWm26z-5swGeb19Bw,PtPngOZ0sFpH0ML6gaqJnw,HADI ALIZADEH,2026,Machine learning based TBM performance prediction / Makine öğrenimi bazlı TBM performans tahmini,Machine learning based TBM performance prediction,Makine öğrenimi bazlı TBM performans tahmini,Istanbul Technical University,İSTANBUL TEKNİK ÜNİVERSİTESİ,İngilizce,Yüksek Lisans,Maden Mühendisliği ve Madencilik = Mining Engineering and Mining,,,,,,false
990242,fOtEOnu_F9wg_UNke4EkWg,Lruw5GsdxP3BS2MRjxgYzw,İLAY NUR TÜMER,2026,Orman yangınlarının mekânsal dağılımı ve hava kalitesine etkilerinin uydu verileri ve makine öğrenme yöntemleri ile analizi: 2025 Türkiye ve kaliforniya (LA) yangınları / Analysis of spatial distribution of forest fires and their impacts on air quality using satellite data and machine learning methods: 2025 turkey and california (LA) fires,Orman yangınlarının mekânsal dağılımı ve hava kalitesine etkilerinin uydu verileri ve makine öğrenme yöntemleri ile analizi: 2025 Türkiye ve kaliforniya (LA) yangınları,Analysis of spatial distribution of forest fires and their impacts on air quality using satellite data and machine learning methods: 2025 turkey and california (LA) fires,Istanbul Technical University,İSTANBUL TEKNİK ÜNİVERSİTESİ,Türkçe,Yüksek Lisans,Jeodezi ve Fotogrametri = Geodesy and Photogrammetry,,,,,,false
995667,RcJCQ_YfnWhmuDhLoQFrDA,SnP55iL2fG2XAvDgo4ujBw,MELİKE ANDUV,2026,WRF modeli ve makine öğrenmesi kullanılarak rüzgar enerjisi üretiminin tahmini: Akhisar bölgesi uygulaması / Wind energy production forecasting using WRF model and machine learning: A case study for the Akhi̇sar region,WRF modeli ve makine öğrenmesi kullanılarak rüzgar enerjisi üretiminin tahmini: Akhisar bölgesi uygulaması,Wind energy production forecasting using WRF model and machine learning: A case study for the Akhi̇sar region,Istanbul Technical University,İSTANBUL TEKNİK ÜNİVERSİTESİ,Türkçe,Yüksek Lisans,Meteoroloji = Meteorology,,,,,,false
994433,J1wC1fqn27quxo25-HiaDQ,4c_sPuhgR10NhlK75EN4GA,SERRA BERŞAN GENGEÇ,2026,Post-transplant survival prediction in liver transplantation: implications for organ acceptance / Karaciğer nakli sonrası sağkalım tahmini: organ kabulüne yönelik etkileri,Post-transplant survival prediction in liver transplantation: implications for organ acceptance,Karaciğer nakli sonrası sağkalım tahmini: organ kabulüne yönelik etkileri,Istanbul Technical University,İSTANBUL TEKNİK ÜNİVERSİTESİ,İngilizce,Yüksek Lisans,Endüstri ve Endüstri Mühendisliği = Industrial and Industrial Engineering,,,,,,false
997276,k4Am71s42q2cRcqvdhHTVg,wooppjvujW1I5AQnQixByw,İZEL BOZDEMİR,2026,Kentsel katı atık toplama rotalarının graf tabanlı pekiştirmeli öğrenme ile optimizasyonu Kadıköy ilçesi örneği / Optimization of urban solid waste collection routes through graph-based reinforcement learning: The case of Kadikoy district,Kentsel katı atık toplama rotalarının graf tabanlı pekiştirmeli öğrenme ile optimizasyonu Kadıköy ilçesi örneği,Optimization of urban solid waste collection routes through graph-based reinforcement learning: The case of Kadikoy district,Istanbul Technical University,İSTANBUL TEKNİK ÜNİVERSİTESİ,Türkçe,Yüksek Lisans,Bilim ve Teknoloji = Science and Technology ; Jeodezi ve Fotogrametri = Geodesy and Photogrammetry,,,,,,false
992535,dFqwZMTUDHhWOVNzSfzrAg,qqf_TpkHn0p_wptTmBi30w,UĞUR YILMAZ,2026,Şizofrenide genetik yatkınlığa dair potansiyel riskin makine öğrenmesi metotları ile belirlenmesi / Identification of potential genetic risk in schizophrenia using machine learning methods,Şizofrenide genetik yatkınlığa dair potansiyel riskin makine öğrenmesi metotları ile belirlenmesi,Identification of potential genetic risk in schizophrenia using machine learning methods,Yıldız Technical University,YILDIZ TEKNİK ÜNİVERSİTESİ,Türkçe,Yüksek Lisans,Endüstri ve Endüstri Mühendisliği = Industrial and Industrial Engineering,,,,,,false
993019,BIJQknhY7a5rLQly3eefrQ,i-X4b3scJzyxVSC2_E-B0Q,ENGİN DENİZ ERKAN,2026,A data driven framework for surface roughness prediction in additive manufacturing / Eklemeli imalatta yüzey pürüzlülüğü tahmini için veri tabanlı bir çerçeve,A data driven framework for surface roughness prediction in additive manufacturing,Eklemeli imalatta yüzey pürüzlülüğü tahmini için veri tabanlı bir çerçeve,Middle East Technical University,ORTA DOĞU TEKNİK ÜNİVERSİTESİ,İngilizce,Yüksek Lisans,Bilgisayar Mühendisliği Bilimleri-Bilgisayar ve Kontrol = Computer Engineering and Computer Science and Control ; Makine Mühendisliği = Mechanical Engineering,,,,,,false
993018,VIhXNaTvE2leihbtPphD0w,Unrj9qKNLWyUUjWm4RgWQA,ALİ AKSU,2026,In silico design toward the development of MAO-B selective covalent inhibitors based on rasagiline / Rasagiline bazlı MAO-B seçici kovalent inhibitörlerin geliştirilmesine yönelik bilgisayar destekli ilaç tasarımı,In silico design toward the development of MAO-B selective covalent inhibitors based on rasagiline,Rasagiline bazlı MAO-B seçici kovalent inhibitörlerin geliştirilmesine yönelik bilgisayar destekli ilaç tasarımı,Istanbul Technical University,İSTANBUL TEKNİK ÜNİVERSİTESİ,İngilizce,Yüksek Lisans,Kimya = Chemistry,,,,,,false
1002369,bIzubqzGAtsOD71xCYP_lg,t08hFUPrDntLua1VD-DXIQ,SERCAN GER,2026,Veri madenciliği yöntemiyle dijital dönüşüm projelerinin risk ve başarısının incelenmesi: otomotiv sektörü örneği / Analyzing risk and success in digital transformation projects using data mining: a case study of the automotive industry,Veri madenciliği yöntemiyle dijital dönüşüm projelerinin risk ve başarısının incelenmesi: otomotiv sektörü örneği,Analyzing risk and success in digital transformation projects using data mining: a case study of the automotive industry,Yıldız Technical University,YILDIZ TEKNİK ÜNİVERSİTESİ,Türkçe,Yüksek Lisans,Endüstri ve Endüstri Mühendisliği = Industrial and Industrial Engineering,,,,,,false
1001356,x8xh4fbO7diTxD5jsCx9xA,p2zzZf4MbVMHOdH62OeLtA,YASEMİN ÇELİK,2026,Karışık endüstriyel atıksu karakterizasyonunun zamansal değişiminin belirlenmesi ve kirleticilerin istatistiksel değerlendirilmesi / Determination of temporal variation in mixed industrial wastewater characterization and statistical assessment of pollutants,Karışık endüstriyel atıksu karakterizasyonunun zamansal değişiminin belirlenmesi ve kirleticilerin istatistiksel değerlendirilmesi,Determination of temporal variation in mixed industrial wastewater characterization and statistical assessment of pollutants,Istanbul University,İSTANBUL ÜNİVERSİTESİ-CERRAHPAŞA,Türkçe,Yüksek Lisans,Çevre Mühendisliği = Environmental Engineering,,,,,,false
1000338,ECbTXmHWzG8msP1MOsYgMg,y-GzHGAUftq4iz11i_7O-g,BARIŞ HASDEMİR,2026,Exposing data leakage in ligand binding site prediction / Ligand bağlanma bölgesi tahmininde veri sızıntısının ortaya çıkarılması,Exposing data leakage in ligand binding site prediction,Ligand bağlanma bölgesi tahmininde veri sızıntısının ortaya çıkarılması,Istanbul Technical University,İSTANBUL TEKNİK ÜNİVERSİTESİ,İngilizce,Yüksek Lisans,Bilgisayar Mühendisliği Bilimleri-Bilgisayar ve Kontrol = Computer Engineering and Computer Science and Control,,,,,,false
999395,pFzrV8ZyJt--aWq2wH9Lkw,FJl5iIfdVthwL4LP7RNYcg,ATA KÖKLÜ,2026,A unified deep learning framework for scalable learning and uncertainty quantification in interval Type-2 fuzzy logic systems / Aralık Tip-2 bulanık mantık sistemlerinde ölçeklenebilir öğrenme ve belirsizlik nicelendirmesi için derin öğrenme tabanlı birleştirilmiş bir çerçeve,A unified deep learning framework for scalable learning and uncertainty quantification in interval Type-2 fuzzy logic systems,Aralık Tip-2 bulanık mantık sistemlerinde ölçeklenebilir öğrenme ve belirsizlik nicelendirmesi için derin öğrenme tabanlı birleştirilmiş bir çerçeve,Istanbul Technical University,İSTANBUL TEKNİK ÜNİVERSİTESİ,İngilizce,Yüksek Lisans,Bilgisayar Mühendisliği Bilimleri-Bilgisayar ve Kontrol = Computer Engineering and Computer Science and Control,,,,,,false
997115,saDog8SA0f7v3e55tMH08g,3AO-FNAQ9f20dU9TG7NLRA,BATUHAN AKDOĞAN,2026,A federated learning approach for inter-cell handover optimisation in open 6G ran / Açık 6G radyo erişim ağında federasyon tabanlı öğrenme yaklaşımı ile hücre arası handover optimizasyonu,A federated learning approach for inter-cell handover optimisation in open 6G ran,Açık 6G radyo erişim ağında federasyon tabanlı öğrenme yaklaşımı ile hücre arası handover optimizasyonu,Istanbul Technical University,İSTANBUL TEKNİK ÜNİVERSİTESİ,İngilizce,Yüksek Lisans,Elektrik ve Elektronik Mühendisliği = Electrical and Electronics Engineering,,,,,,false
996570,p_wGsXetFvlzU6Aw9OG3sA,z8VavRwtcQnBzFOfoXqj0w,SEÇKİN BERKAY ÖZTÜRK,2026,Optimizing laser wakefield accelerator with genetic and machine learning methods / Lazer alan körüklemesi hızlandırıcılarının genetik ve makine ögrenmesi metodlarıyla optimizasyonu,Optimizing laser wakefield accelerator with genetic and machine learning methods,Lazer alan körüklemesi hızlandırıcılarının genetik ve makine ögrenmesi metodlarıyla optimizasyonu,Middle East Technical University,ORTA DOĞU TEKNİK ÜNİVERSİTESİ,İngilizce,Yüksek Lisans,Fizik ve Fizik Mühendisliği = Physics and Physics Engineering,,,,,,false
995390,WKQXycbPTyrAzkrhgpsisg,31S_oJz_17XBTlKJFP77cw,ALPEREN KOYUN,2026,FPGA hardware acceleration for ultra-low-latency machine learning: architecture and system-level implementation for high-frequency trading / Ultra düşük gecikmeli makine öğrenimi için FPGA donanım hızlandırıcı: yüksek hızlı ticaret için mimari ve sistem seviyesinde implementasyonu,FPGA hardware acceleration for ultra-low-latency machine learning: architecture and system-level implementation for high-frequency trading,Ultra düşük gecikmeli makine öğrenimi için FPGA donanım hızlandırıcı: yüksek hızlı ticaret için mimari ve sistem seviyesinde implementasyonu,Middle East Technical University,ORTA DOĞU TEKNİK ÜNİVERSİTESİ,İngilizce,Yüksek Lisans,Elektrik ve Elektronik Mühendisliği = Electrical and Electronics Engineering,,,,,,false
992804,nXuVaeC8yyEFCnMAqVWUFw,5CqiyxACHrwcZY9qxEGTkw,NURİCAN KAZAZ,2026,Bulanık çıkarım ve makine öğrenmesi tabanlı sadakat programı tasarımı / Loyalty program design based on fuzzy inference and machine learning,Bulanık çıkarım ve makine öğrenmesi tabanlı sadakat programı tasarımı,Loyalty program design based on fuzzy inference and machine learning,Yıldız Technical University,YILDIZ TEKNİK ÜNİVERSİTESİ,Türkçe,Yüksek Lisans,Endüstri ve Endüstri Mühendisliği = Industrial and Industrial Engineering,,,,,,false
990257,Wli72c4YAytW_U0epnO7uQ,p2ydNEfSs7bd22qGwPHcEg,EZGİ KELEŞ,2026,Promptshıeld: polıcy-aware data loss preventıon framework for generatıve AI prompts / Promptshıeld: Politika farkındalıklı üretken yapay zekâ istemleri için veri kaybı önleme çerçevesi,Promptshıeld: polıcy-aware data loss preventıon framework for generatıve AI prompts,Promptshıeld: Politika farkındalıklı üretken yapay zekâ istemleri için veri kaybı önleme çerçevesi,Istanbul Technical University,İSTANBUL TEKNİK ÜNİVERSİTESİ,İngilizce,Yüksek Lisans,Bilgisayar Mühendisliği Bilimleri-Bilgisayar ve Kontrol = Computer Engineering and Computer Science and Control,,,,,,false
989342,WJy2J5_UNafNIxy7bC6wKA,vmaIJvi6x5laT0Cd94VRfA,BARIŞ AKKUŞ,2026,Kenar koruyucu filtreler kullanarak SAR görüntülerinin sınıflandırılması / Classification of SAR images using edge preserving filters,Kenar koruyucu filtreler kullanarak SAR görüntülerinin sınıflandırılması,Classification of SAR images using edge preserving filters,Yıldız Technical University,YILDIZ TEKNİK ÜNİVERSİTESİ,Türkçe,Yüksek Lisans,Bilgisayar Mühendisliği Bilimleri-Bilgisayar ve Kontrol = Computer Engineering and Computer Science and Control,,,,,,false
990202,tuUj1mwD5TjjhDbtOniiTg,TCj_jdGloBEwA2W7XVA8Rw,ŞEVVAL GÖNEN,2026,Tekrarlı üretim içeren genişletilmiş bir RFM tekniği ve gerçek dünya uygulaması / An extended RFM technique incorporating repetitive manufacturing and its real-world application,Tekrarlı üretim içeren genişletilmiş bir RFM tekniği ve gerçek dünya uygulaması,An extended RFM technique incorporating repetitive manufacturing and its real-world application,Istanbul Technical University,İSTANBUL TEKNİK ÜNİVERSİTESİ,Türkçe,Yüksek Lisans,Endüstri ve Endüstri Mühendisliği = Industrial and Industrial Engineering,,,,,,false
992757,e4QcKp3Q_Wm48haSD3MmCA,CaAO00hHg_Cp2UOF4iRAfg,MAHMUT ASLAN,2026,Çevrim içi gezinme verileri üzerinde hibrit zamansal ve sıralı oturum gömme modelleri ile kullanıcı davranışı analizi / User behavior analysis on online navigation data using hybrid temporal and sequential session embedding models,Çevrim içi gezinme verileri üzerinde hibrit zamansal ve sıralı oturum gömme modelleri ile kullanıcı davranışı analizi,User behavior analysis on online navigation data using hybrid temporal and sequential session embedding models,Yıldız Technical University,YILDIZ TEKNİK ÜNİVERSİTESİ,Türkçe,Yüksek Lisans,Bilgisayar Mühendisliği Bilimleri-Bilgisayar ve Kontrol = Computer Engineering and Computer Science and Control,,,,,,false
995255,eX00LJw2BN6BJZFpIg6USA,Pm6j9WMqOuuV4XyZSYJQsQ,BARIŞ TİRYAKİ,2026,"A machine learning framework for high-frequency midprice prediction: feature engineering, hyperparameter space exploration, and profit-loss evaluation / Yüksek frekanslı orta fiyat tahmini için bir makine öğrenmesi çerçevesi: özellik mühendisliği, hiperparametre uzayı keşfi ve kâr-zarar değerlendirmesi","A machine learning framework for high-frequency midprice prediction: feature engineering, hyperparameter space exploration, and profit-loss evaluation","Yüksek frekanslı orta fiyat tahmini için bir makine öğrenmesi çerçevesi: özellik mühendisliği, hiperparametre uzayı keşfi ve kâr-zarar değerlendirmesi",Middle East Technical University,ORTA DOĞU TEKNİK ÜNİVERSİTESİ,İngilizce,Yüksek Lisans,Elektrik ve Elektronik Mühendisliği = Electrical and Electronics Engineering,,,,,,false
995997,19R2x3gNAD3dARzvfbecuA,02dLx2BdUALyZsL2xxEF2A,MUHAMMED ONUR ULU,2026,Tıbbi görevler için çok modlu büyük dil modellerinin performansının iyileştirilmesi / Enhancing the performance of multimodal large language models for medical tasks,Tıbbi görevler için çok modlu büyük dil modellerinin performansının iyileştirilmesi,Enhancing the performance of multimodal large language models for medical tasks,Yıldız Technical University,YILDIZ TEKNİK ÜNİVERSİTESİ,Türkçe,Yüksek Lisans,Bilgisayar Mühendisliği Bilimleri-Bilgisayar ve Kontrol = Computer Engineering and Computer Science and Control,,,,,,false
996517,QrVNxr4mkukfIlEV7w1fzQ,7wZR5JnbbhP_L3joT5Z35Q,BUĞRA ÖZTÜRK,2026,Overlapping region-driven sample generation for imbalanced learning / Dengesiz öğrenme için örtüşen bölge odaklı örnek yaratılması,Overlapping region-driven sample generation for imbalanced learning,Dengesiz öğrenme için örtüşen bölge odaklı örnek yaratılması,Middle East Technical University,ORTA DOĞU TEKNİK ÜNİVERSİTESİ,İngilizce,Yüksek Lisans,Endüstri ve Endüstri Mühendisliği = Industrial and Industrial Engineering,,,,,,false
999347,qJ9jqMBSgHnSDaqNa61M9g,41Emp16D2i4t5JLw5KnW8Q,MUHAMMED ÖMER TAYLAN,2026,Bridging causal discovery and graph neural networks: a comparative perspective / Nedensel keşif ve çizge sinir ağları arasındaki köprü: Karşılaştırmalı bir bakış açısı,Bridging causal discovery and graph neural networks: a comparative perspective,Nedensel keşif ve çizge sinir ağları arasındaki köprü: Karşılaştırmalı bir bakış açısı,Istanbul Technical University,İSTANBUL TEKNİK ÜNİVERSİTESİ,İngilizce,Yüksek Lisans,Bilgisayar Mühendisliği Bilimleri-Bilgisayar ve Kontrol = Computer Engineering and Computer Science and Control,,,,,,false
1000967,GSBoA67w-JfvWYjVSyyLzA,I6ZXA6X1DlfvM8GBXPa-tA,GÖRKEM ARIN,2026,Comparison of quantum neural network training algorithms / Kuantum sinir ağı eğitim algoritmalarının karşılaştırılması,Comparison of quantum neural network training algorithms,Kuantum sinir ağı eğitim algoritmalarının karşılaştırılması,Middle East Technical University,ORTA DOĞU TEKNİK ÜNİVERSİTESİ,İngilizce,Yüksek Lisans,Elektrik ve Elektronik Mühendisliği = Electrical and Electronics Engineering,,,,,,false
1001938,frgi9SMjoVqcEBtR-saYCA,fl8jPRP0_8UywBvnxqbbAA,HARUN GÜLEÇ,2026,Bulut saldırılarının LLM tabanlı tespiti: Saldırı tekniklerinin önceliklendirilmesi ve log veri seti oluşturulması / Novel LLM-Based detection of cloud attacks: Ranking attack techniques and building a log dataset framework,Bulut saldırılarının LLM tabanlı tespiti: Saldırı tekniklerinin önceliklendirilmesi ve log veri seti oluşturulması,Novel LLM-Based detection of cloud attacks: Ranking attack techniques and building a log dataset framework,Yıldız Technical University,YILDIZ TEKNİK ÜNİVERSİTESİ,Türkçe,Yüksek Lisans,Bilgisayar Mühendisliği Bilimleri-Bilgisayar ve Kontrol = Computer Engineering and Computer Science and Control,,,,,,false
999816,Alu2932m0dqUs3kxWoDEmw,QeJQ4_O7h_lfETQ4gOZYKA,UFUK ALTUN,2026,Adaptive physical layer security with machine learning: From detection to defense / Makine öğrenmesi ile adaptif fiziksel katman güvenliği: Tespitten savunmaya,Adaptive physical layer security with machine learning: From detection to defense,Makine öğrenmesi ile adaptif fiziksel katman güvenliği: Tespitten savunmaya,Koç University,KOÇ ÜNİVERSİTESİ,İngilizce,Doktora,Elektrik ve Elektronik Mühendisliği = Electrical and Electronics Engineering,,,,,,false
1001895,afATmTyYcC2bo30hKtE0JA,GK74js85HR7aSSVwpcemHw,HATİCE BAHAR ATALI,2026,Sert x-ışınlarında belirlenen galaksi kümelerinin optik özellikleri / Optical properties of galaxy clusters detected in hard x-rays,Sert x-ışınlarında belirlenen galaksi kümelerinin optik özellikleri,Optical properties of galaxy clusters detected in hard x-rays,Istanbul University,İSTANBUL ÜNİVERSİTESİ,Türkçe,Doktora,Astronomi ve Uzay Bilimleri = Astronomy and Space Sciences,,,,,,false
1001926,7UhoZxSIjHDUilfN-ktVHw,9lxZLZOtmeBF3WR0WFkk1Q,FARUK DİKMEN,2026,Çok amaçlı modelleme araçları ile atık su arıtma tesislerinin performans değerlendirmesi / Performance evaluation of wastewater treatmentplants using multi-objective modelling tools,Çok amaçlı modelleme araçları ile atık su arıtma tesislerinin performans değerlendirmesi,Performance evaluation of wastewater treatmentplants using multi-objective modelling tools,Yıldız Technical University,YILDIZ TEKNİK ÜNİVERSİTESİ,Türkçe,Doktora,Çevre Mühendisliği = Environmental Engineering,,,,,,false
1001599,m-YtZ2zx_0g4F1w5oLpDyw,vZ-fTCm-1tC1AeUeo77kCQ,ABDULLAH NURİ SOMUNCUOĞLU,2026,Development of explaınable artıfıcıal ıntellıgence model for bıomedıcal survıval analysıs / Biyomedikal sağkalım analizi için açıklanabilir yapay zekâ modeli geliştirilmesi,Development of explaınable artıfıcıal ıntellıgence model for bıomedıcal survıval analysıs,Biyomedikal sağkalım analizi için açıklanabilir yapay zekâ modeli geliştirilmesi,Middle East Technical University,ORTA DOĞU TEKNİK ÜNİVERSİTESİ,İngilizce,Doktora,Bilgisayar Mühendisliği Bilimleri-Bilgisayar ve Kontrol = Computer Engineering and Computer Science and Control ; Biyoistatistik = Biostatistics ; İstatistik = Statistics,,,,,,false
1001616,oIsArQO-fEoEzwvgzHz41g,aXjPprvDDnlPM27ABUY5bQ,ÖMER AKBAL,2026,Integrated CFD-based reduced-order modeling for ice accretion and aerodynamic performance predictions / Bütünleşik CFD tabanli indirgenmiş dereceli model ile buz birikimi ve aerodinamik performans tahmini,Integrated CFD-based reduced-order modeling for ice accretion and aerodynamic performance predictions,Bütünleşik CFD tabanli indirgenmiş dereceli model ile buz birikimi ve aerodinamik performans tahmini,Istanbul Technical University,İSTANBUL TEKNİK ÜNİVERSİTESİ,İngilizce,Doktora,Havacılık ve Uzay Mühendisliği = Aeronautical Engineering ; Uçak Mühendisliği = Aeronautical Engineering,,,,,,false
997699,ikX8kvJ3Ac_0aL6_4YMVnw,bujA5tCyAgVOrc-yBQjOkw,SULTAN SEVGİ TURGUT ÖGME,2026,Tek hücre ve toplu gen ifadesi verilerinin üretken modeller ile bütünleşik analizi / Integrated analysis of single-cell and bulk gene expression data using generative models,Tek hücre ve toplu gen ifadesi verilerinin üretken modeller ile bütünleşik analizi,Integrated analysis of single-cell and bulk gene expression data using generative models,Yıldız Technical University,YILDIZ TEKNİK ÜNİVERSİTESİ,Türkçe,Doktora,Bilgisayar Mühendisliği Bilimleri-Bilgisayar ve Kontrol = Computer Engineering and Computer Science and Control,,,,,,false
995537,K2B0uvJ0EqVWTcJMvvWBog,OkuawkwpO4qScyZlNrt-lA,BURAK GÖKÇE,2026,Türkiye enerji piyasasının makine öğrenmesi uygulamasıyla düşük-karbon salımına geçişte ajan temelli modellenmesi / Turkish energy market agent-based modeling for low-carbon transition with machine learning application,Türkiye enerji piyasasının makine öğrenmesi uygulamasıyla düşük-karbon salımına geçişte ajan temelli modellenmesi,Turkish energy market agent-based modeling for low-carbon transition with machine learning application,Istanbul Technical University,İSTANBUL TEKNİK ÜNİVERSİTESİ,Türkçe,Doktora,Bilim ve Teknoloji = Science and Technology ; Enerji = Energy,,,,,,false
991675,1nFVsf_GC4cJ6zBkiQGBvg,r_tUhKYCSAvYrhTbNCzv_Q,ONUR KARADELİ,2026,Incremental heuristic meta-learning using reinforcement learning / Pekiştirmeli öğrenme kullanarak artımsal sezgisel üst-öğrenme,Incremental heuristic meta-learning using reinforcement learning,Pekiştirmeli öğrenme kullanarak artımsal sezgisel üst-öğrenme,Istanbul Technical University,İSTANBUL TEKNİK ÜNİVERSİTESİ,İngilizce,Doktora,Bilgisayar Mühendisliği Bilimleri-Bilgisayar ve Kontrol = Computer Engineering and Computer Science and Control,,,,,,false
989688,l_rTdan2gNCDfjL7t9h7nw,vEFj6VvokKe0o2INsksNew,KHANIM KHALILLI,2026,Yazılım projelerinde maliyet tahmini: Derin öğrenme modellerinin kullanımı ve performans analizi / Cost estimation in software projects: The use of deep learning models and performance analysis,Yazılım projelerinde maliyet tahmini: Derin öğrenme modellerinin kullanımı ve performans analizi,Cost estimation in software projects: The use of deep learning models and performance analysis,Istanbul University,İSTANBUL ÜNİVERSİTESİ,Türkçe,Doktora,İşletme = Business Administration,,,,,,false
1002727,1jui5TBGPehkV_HtyVUgag,prfkLmh_shF3p2yN4d2xKg,ABDULKERİM BEKAR,2026,An investigation of the performance of text mining-based text representation and classification methods on different datasets / Farklı veri kümeleri üzerinde metin madenciliği tabanlı metin temsili ve sınıflandırma yöntemlerinin performansının incelenmesi,An investigation of the performance of text mining-based text representation and classification methods on different datasets,Farklı veri kümeleri üzerinde metin madenciliği tabanlı metin temsili ve sınıflandırma yöntemlerinin performansının incelenmesi,Istanbul Technical University,İSTANBUL TEKNİK ÜNİVERSİTESİ,İngilizce,Yüksek Lisans,Bilgisayar Mühendisliği Bilimleri-Bilgisayar ve Kontrol = Computer Engineering and Computer Science and Control,,,,,,false
1002178,q_pp4bzlYW_oi56y-rADhQ,Bg-wTeSRGmtVAcEWOZuldg,CEM ÇAĞLAYAN,2026,Türkiye\'nin kuzeybatı bölgesinde makine öğrenimi algoritmaları ile deprem konumu tahmini / Earthquake location prediction in the northwestern region of Turkey using machine learning algorithms,Türkiye\'nin kuzeybatı bölgesinde makine öğrenimi algoritmaları ile deprem konumu tahmini,Earthquake location prediction in the northwestern region of Turkey using machine learning algorithms,Yıldız Technical University,YILDIZ TEKNİK ÜNİVERSİTESİ,Türkçe,Yüksek Lisans,İnşaat Mühendisliği = Civil Engineering,,,,,,false
999527,7w3VKjUiGM8qP4A3D5GJVg,0e5VkhK87qhHbtinLd34Bg,AHMET BURAK KAYDECİ,2026,Artificial neural network-based efficiency estimation and modeling approach in electric vehicle powertrains / Elektrikli güç aktarma sistemlerinde yapay sinir aği tabanli verimlilik tahmini ve modelleme yaklaşimi,Artificial neural network-based efficiency estimation and modeling approach in electric vehicle powertrains,Elektrikli güç aktarma sistemlerinde yapay sinir aği tabanli verimlilik tahmini ve modelleme yaklaşimi,Istanbul Technical University,İSTANBUL TEKNİK ÜNİVERSİTESİ,İngilizce,Yüksek Lisans,Elektrik ve Elektronik Mühendisliği = Electrical and Electronics Engineering,,,,,,false
992993,0K_llqwNjJ2cDOf46EKXsA,8B25rDMe9IAVPxWOkwl9Zw,SÜMEYYE NALBAT,2026,Optımızatıon potentıal of machıne learnıng based algorıthms ın neonatal parenteral nutrıtıon management / Makine öğrenimi tabanli algoritmalarin yenidoğan parenteral beslenme yönetiminde optimizasyon potansiyeli,Optımızatıon potentıal of machıne learnıng based algorıthms ın neonatal parenteral nutrıtıon management,Makine öğrenimi tabanli algoritmalarin yenidoğan parenteral beslenme yönetiminde optimizasyon potansiyeli,Istanbul Technical University,İSTANBUL TEKNİK ÜNİVERSİTESİ,İngilizce,Yüksek Lisans,Elektrik ve Elektronik Mühendisliği = Electrical and Electronics Engineering,,,,,,false
993819,_yWdas7IfjcSK8hpkQ5VTQ,iosi3fGgG79ylMnikTDMtQ,MUSTAFA KAYMAZ,2026,Development of high fidelity aerospace digital twins for improving operational performance / Operasyonel performansı iyileştirmek için yüksek doğruluklu havacılık dijital ikizlerinin geliştirilmesi,Development of high fidelity aerospace digital twins for improving operational performance,Operasyonel performansı iyileştirmek için yüksek doğruluklu havacılık dijital ikizlerinin geliştirilmesi,Istanbul Technical University,İSTANBUL TEKNİK ÜNİVERSİTESİ,İngilizce,Yüksek Lisans,Havacılık ve Uzay Mühendisliği = Aeronautical Engineering ; Savunma ve Savunma Teknolojileri = Defense and Defense Technologies ; Uçak Mühendisliği = Aeronautical Engineering,,,,,,false
995477,yT4A92ln3XpvSEAbl4upTQ,jxoewcbk1pnjXd-b4ksu3w,ARTUN PINAR,2026,A novel approach to house price prediction using segmented bayesian optimization based ensemble models / Segmentasyon ile bayes optimizasyon tabanlı ensemble modelleri kullanarak ev fiyatları öngörüsüne yeni bir yaklaşım,A novel approach to house price prediction using segmented bayesian optimization based ensemble models,Segmentasyon ile bayes optimizasyon tabanlı ensemble modelleri kullanarak ev fiyatları öngörüsüne yeni bir yaklaşım,Istanbul Technical University,İSTANBUL TEKNİK ÜNİVERSİTESİ,İngilizce,Yüksek Lisans,Bilgisayar Mühendisliği Bilimleri-Bilgisayar ve Kontrol = Computer Engineering and Computer Science and Control,,,,,,false
998202,9TLZ4o8SyU40ZEO6uxdywA,TTvtx_4-cmonfz_eIVRgjw,GHALIA JARAD,2026,Bot detection through behavioural signals / Davranışsal sinyallere dayalı bot tespiti,Bot detection through behavioural signals,Davranışsal sinyallere dayalı bot tespiti,Istanbul Technical University,İSTANBUL TEKNİK ÜNİVERSİTESİ,İngilizce,Yüksek Lisans,Bilgisayar Mühendisliği Bilimleri-Bilgisayar ve Kontrol = Computer Engineering and Computer Science and Control,,,,,,false
1001409,-7ttVTfRF4eezkJzWxj1qg,kfyIfvTN3gxPadWEV4l2-w,KAAN KARA,2026,Makine öğrenmesi ile kardiyovasküler risk skorunun belirlenmesi / Determination of cardiovascular risk score with machine learning,Makine öğrenmesi ile kardiyovasküler risk skorunun belirlenmesi,Determination of cardiovascular risk score with machine learning,Istanbul University,İSTANBUL ÜNİVERSİTESİ,Türkçe,Yüksek Lisans,Bilgisayar Mühendisliği Bilimleri-Bilgisayar ve Kontrol = Computer Engineering and Computer Science and Control ; Biyoistatistik = Biostatistics ; Kardiyoloji = Cardiology,,,,,,false
1001608,BUAgqRCmUgNIop1NJRUM4g,Ucoc9WYpOH_Zur0qhmYKNA,NİL ERDOĞAN,2026,Landslide susceptibility mapping of the muş-bingöl region: A comparative analysis and optimization of machine learning models / Muş-bingöl bölgesinin heyelan duyarlılık haritalaması: Makine öğrenmesi modellerinin karşılaştırmalı analizi ve optimizasyonu,Landslide susceptibility mapping of the muş-bingöl region: A comparative analysis and optimization of machine learning models,Muş-bingöl bölgesinin heyelan duyarlılık haritalaması: Makine öğrenmesi modellerinin karşılaştırmalı analizi ve optimizasyonu,Middle East Technical University,ORTA DOĞU TEKNİK ÜNİVERSİTESİ,İngilizce,Yüksek Lisans,Jeoloji Mühendisliği = Geological Engineering,,,,,,false
992577,kuPszNKADYDtLnYvLTr4cg,tMZNi56d_Yyp_exQdZdYgA,ALİİMZA DAŞDEMİR,2026,Gan güç transistörlerinin anahtar kayıplarının nöral ağ tabanlı modellenmesi / Neural network based modeling of switching losses in gan power transistors,Gan güç transistörlerinin anahtar kayıplarının nöral ağ tabanlı modellenmesi,Neural network based modeling of switching losses in gan power transistors,Istanbul Technical University,İSTANBUL TEKNİK ÜNİVERSİTESİ,Türkçe,Yüksek Lisans,Elektrik ve Elektronik Mühendisliği = Electrical and Electronics Engineering,,,,,,false
992964,rid1rBW0blYqq68KvjPZmg,pg5QWjloOmXY2n3WT0-sHQ,GİZEM KAYA,2026,Enhancement of demand forecastıng for agrochemıcal productsthrough advanced analytıcs / Zirai kimyasal ürünler için talep tahmininin ileri analitik yöntemlerle geliştirilmesi,Enhancement of demand forecastıng for agrochemıcal productsthrough advanced analytıcs,Zirai kimyasal ürünler için talep tahmininin ileri analitik yöntemlerle geliştirilmesi,Middle East Technical University,ORTA DOĞU TEKNİK ÜNİVERSİTESİ,İngilizce,Yüksek Lisans,Ziraat = Agriculture,,,,,,false
995550,UH3QlSHPF2XkTZ5t9kI8jQ,mFb18EUIUCndq4fknsFYlA,MİRA BAĞMAN,2026,İkili zemin karışımları için özgün bir görüntü veri seti oluşturulması ve destek vektör makineleri ile sınıflandırılması analizi / Construction of an original image dataset for binary soil mixtures and classification analysis using support vector machines,İkili zemin karışımları için özgün bir görüntü veri seti oluşturulması ve destek vektör makineleri ile sınıflandırılması analizi,Construction of an original image dataset for binary soil mixtures and classification analysis using support vector machines,Istanbul Technical University,İSTANBUL TEKNİK ÜNİVERSİTESİ,Türkçe,Yüksek Lisans,Bilgisayar Mühendisliği Bilimleri-Bilgisayar ve Kontrol = Computer Engineering and Computer Science and Control ; Matematik = Mathematics ; İnşaat Mühendisliği = Civil Engineering,,,,,,false
995580,vHhKh7q9PlBzZ0PeHBTFiA,SK6llS5cz3g75XOI3EtNww,ESİN YİĞİT,2026,Prediction of surgical durations using machine learning methods / Makine öğrenmesi yöntemleri kullanılarak cerrahi sürelerin tahmini,Prediction of surgical durations using machine learning methods,Makine öğrenmesi yöntemleri kullanılarak cerrahi sürelerin tahmini,Middle East Technical University,ORTA DOĞU TEKNİK ÜNİVERSİTESİ,İngilizce,Yüksek Lisans,Mühendislik Bilimleri = Engineering Sciences,,,,,,false
999089,A306oHm2OKr64LCijO6Ktw,J4nQnpkH-7tEUvyr756FUA,GAMZE KARA,2026,Baraj su seviyesi değişimlerinin yüzey alanlarına dayalı olarak uzaktan algılama ve makine öğrenme ile analizi: İstanbul örneği / Analysis of dam water level changes based on surface area data using remote sensing and machine learning: The case of istanbul,Baraj su seviyesi değişimlerinin yüzey alanlarına dayalı olarak uzaktan algılama ve makine öğrenme ile analizi: İstanbul örneği,Analysis of dam water level changes based on surface area data using remote sensing and machine learning: The case of istanbul,Yıldız Technical University,YILDIZ TEKNİK ÜNİVERSİTESİ,Türkçe,Yüksek Lisans,Jeodezi ve Fotogrametri = Geodesy and Photogrammetry,,,,,,false
994662,6cGxxlEQ_4t4WzTt6VAHVg,yAc0jv9RnPoFZU4fMSwWqA,AFRAH NAJIB ABDULLAH FAREA,2026,Kısmi diferansiyel denklemleri çözmek için kuantum makine öğrenmesi algoritmaları / Quantum machine learning algorithms for solving partial differential equations,Kısmi diferansiyel denklemleri çözmek için kuantum makine öğrenmesi algoritmaları,Quantum machine learning algorithms for solving partial differential equations,Istanbul Technical University,İSTANBUL TEKNİK ÜNİVERSİTESİ,İngilizce,Doktora,Bilgisayar Mühendisliği Bilimleri-Bilgisayar ve Kontrol = Computer Engineering and Computer Science and Control,,,,,,false
995609,C9diynTuTzZ8qMp3NtnhZg,VmR5b-Yk-hzAijBuoQPdXg,FATIMA IQBAL,2026,Restoring underwater images from turbidity and motion blur – a three-step framework / Bulanıklık ve hareketten etkilenmiş sualtı görüntülerinin iyileştirilmesi – üç adımlı bir yaklaşım,Restoring underwater images from turbidity and motion blur – a three-step framework,Bulanıklık ve hareketten etkilenmiş sualtı görüntülerinin iyileştirilmesi – üç adımlı bir yaklaşım,Istanbul Technical University,İSTANBUL TEKNİK ÜNİVERSİTESİ,İngilizce,Yüksek Lisans,Bilgisayar Mühendisliği Bilimleri-Bilgisayar ve Kontrol = Computer Engineering and Computer Science and Control ; Bilim ve Teknoloji = Science and Technology,,,,,,false
989811,-wprpEaCt-DEQQrZ0Equmg,0wVaVfPB4SuZGrvw9v_WJg,İNCİNUR CEM,2026,Koşullu dikkat mekanizmalı ve zorluk duyarlı derin öğrenme ile kemik yaşı tahmini / Bone age estimation with conditional attention mechanism and difficulty-aware deep learning,Koşullu dikkat mekanizmalı ve zorluk duyarlı derin öğrenme ile kemik yaşı tahmini,Bone age estimation with conditional attention mechanism and difficulty-aware deep learning,Yıldız Technical University,YILDIZ TEKNİK ÜNİVERSİTESİ,Türkçe,Yüksek Lisans,Bilgisayar Mühendisliği Bilimleri-Bilgisayar ve Kontrol = Computer Engineering and Computer Science and Control,,,,,,false
1002762,xoKmuMWigOeCep3qoWoG3g,62l77PRSYQuTNejHRZyqrg,KAĞAN ÇELİK,2026,Lmm-iqa: image quality assessment for low-dose ct imaging / Lmm-ıqa: düşük dozlu bt görüntülerinde görüntü kalitesi değerlendirmesi,Lmm-iqa: image quality assessment for low-dose ct imaging,Lmm-ıqa: düşük dozlu bt görüntülerinde görüntü kalitesi değerlendirmesi,Istanbul Technical University,İSTANBUL TEKNİK ÜNİVERSİTESİ,İngilizce,Yüksek Lisans,Elektrik ve Elektronik Mühendisliği = Electrical and Electronics Engineering,,,,,,false
1000097,XBb4PGuNwSDVEi_5MS-oSQ,Sa6ePXT3wUJ7hepSAc8tFA,ELİF ÖZTÜRK KOÇ,2026,Automotive radar interference mitigation with next generation sequence models / Yeni nesil dizi modelleri ile otomotiv radarlarında girişim giderme,Automotive radar interference mitigation with next generation sequence models,Yeni nesil dizi modelleri ile otomotiv radarlarında girişim giderme,Istanbul Technical University,İSTANBUL TEKNİK ÜNİVERSİTESİ,İngilizce,Yüksek Lisans,Elektrik ve Elektronik Mühendisliği = Electrical and Electronics Engineering,,,,,,false
1000409,aU2BhAe8ukzqDJQ7hrtH2Q,uHEkDi3VYRl0QRcZqY4gpQ,HESAM HATAMZADEH KHANGHAHI,2026,Automated plastic waste detection and visualization in coastal areas using UAVs and deep learning / İnsansız hava araçları ve derin öğrenme kullanılarak kıyı bölgelerinde otomatik plastik atık tespiti ve görselleştirilmesi,Automated plastic waste detection and visualization in coastal areas using UAVs and deep learning,İnsansız hava araçları ve derin öğrenme kullanılarak kıyı bölgelerinde otomatik plastik atık tespiti ve görselleştirilmesi,Istanbul Technical University,İSTANBUL TEKNİK ÜNİVERSİTESİ,İngilizce,Yüksek Lisans,Bilgisayar Mühendisliği Bilimleri-Bilgisayar ve Kontrol = Computer Engineering and Computer Science and Control,,,,,,false
1001638,RhrAyBfT732OjFmyrNM3wg,zXKow0XuIcApw_3sKhMeDA,HAVVANUR BOZÖMEROĞLU,2026,Savaş alanında durumsal farkındalık için yapay zeka destekli veri füzyonu / Artificial intelligence-assisted data fusion for situational awareness in the battlefield,Savaş alanında durumsal farkındalık için yapay zeka destekli veri füzyonu,Artificial intelligence-assisted data fusion for situational awareness in the battlefield,Istanbul University,İSTANBUL ÜNİVERSİTESİ-CERRAHPAŞA,Türkçe,Yüksek Lisans,Bilgisayar Mühendisliği Bilimleri-Bilgisayar ve Kontrol = Computer Engineering and Computer Science and Control,,,,,,false
997275,6CX1daRazOBQ_pwIpuB6-w,OiApa6Pr2qdER9_dBVD9gQ,MERVE ERŞAN,2026,Fusion of RGB and thermal image pairs for object and face liveness detection / Nesne ve yüz canlılığı tespiti için RGB ve termal görüntü çiftlerinin birleştirilmesi,Fusion of RGB and thermal image pairs for object and face liveness detection,Nesne ve yüz canlılığı tespiti için RGB ve termal görüntü çiftlerinin birleştirilmesi,Istanbul Technical University,İSTANBUL TEKNİK ÜNİVERSİTESİ,İngilizce,Yüksek Lisans,Elektrik ve Elektronik Mühendisliği = Electrical and Electronics Engineering,,,,,,false
989774,zQSsn-gmZL3dlvO99g7q1w,A4vnU_PGWHdyvK0-30tFdw,ONURCAN GÜNDOĞAN,2026,Çamaşır makinesinde yapay sinir ağları ile dengesiz yük miktarı tahmini / Estimation of unbalanced load weight in a washing machine using artificial neural networks,Çamaşır makinesinde yapay sinir ağları ile dengesiz yük miktarı tahmini,Estimation of unbalanced load weight in a washing machine using artificial neural networks,Yıldız Technical University,YILDIZ TEKNİK ÜNİVERSİTESİ,Türkçe,Yüksek Lisans,Elektrik ve Elektronik Mühendisliği = Electrical and Electronics Engineering,,,,,,false
995592,XOoxo0iepk_kVvNNWgnoZA,BqzRWYaZEVvaycRxb_yckQ,ENES ERDOĞAN,2026,Real-time human manipulation action recognition with a factorized graph sequence encoder / Ayrıştırılmış çizge dizi kodlayıcısı ile insan nesne etkileşimlerinin gerçek zamanlı olarak tanınması,Real-time human manipulation action recognition with a factorized graph sequence encoder,Ayrıştırılmış çizge dizi kodlayıcısı ile insan nesne etkileşimlerinin gerçek zamanlı olarak tanınması,Istanbul Technical University,İSTANBUL TEKNİK ÜNİVERSİTESİ,İngilizce,Yüksek Lisans,Bilgisayar Mühendisliği Bilimleri-Bilgisayar ve Kontrol = Computer Engineering and Computer Science and Control,,,,,,false
995984,rAO5uKskDDIP_-lchQHn8Q,1tGBkJExTmbSMi9UEPmCeA,İBRAHİM MURAT ÇİLEK,2026,Yapay zekâ destekli multikopter ile demiryolu hattı denetimi / Ai-powered multicopter-based railway line inspection,Yapay zekâ destekli multikopter ile demiryolu hattı denetimi,Ai-powered multicopter-based railway line inspection,Yıldız Technical University,YILDIZ TEKNİK ÜNİVERSİTESİ,Türkçe,Yüksek Lisans,Elektrik ve Elektronik Mühendisliği = Electrical and Electronics Engineering ; Havacılık ve Uzay Mühendisliği = Aeronautical Engineering,,,,,,false
998819,mQofnNi4pMwQrexFGBD0lQ,cPurbwExqsJzm3vrvY_6gw,DİLARA GÜZELDERE,2026,Critical theory of artificial intelligence: A Marcusean perspective / Yapay zeka üzerine eleştirel kuram: Marcusean bir yaklaşım,Critical theory of artificial intelligence: A Marcusean perspective,Yapay zeka üzerine eleştirel kuram: Marcusean bir yaklaşım,Istanbul Technical University,İSTANBUL TEKNİK ÜNİVERSİTESİ,İngilizce,Yüksek Lisans,Siyasal Bilimler = Political Science,,,,,,false
999217,T6g0Iny3pVnujBUqvOnxfA,XMMpO9PxpEIW_OBgZupOeg,BEYZA AVAN,2026,Black-box system identification with deep recurrent networks and classical models / Derin yinelemeli ağlar ve klasik modeller ile kara-kutu sistem tanılama,Black-box system identification with deep recurrent networks and classical models,Derin yinelemeli ağlar ve klasik modeller ile kara-kutu sistem tanılama,Middle East Technical University,ORTA DOĞU TEKNİK ÜNİVERSİTESİ,İngilizce,Yüksek Lisans,Bilgisayar Mühendisliği Bilimleri-Bilgisayar ve Kontrol = Computer Engineering and Computer Science and Control ; Matematik = Mathematics,,,,,,false
999801,X5PyMOcVsNzUde6Jk6vFCw,A87fBN0JgPEhDXGdp40Ofw,MUHAMMET NUSRET ÖZATEŞ,2026,Context-aware graph neural networks for whole slide image classification / Bütün slayt görüntü sınıflandırması için bağlam duyarlı çizge sinir ağları,Context-aware graph neural networks for whole slide image classification,Bütün slayt görüntü sınıflandırması için bağlam duyarlı çizge sinir ağları,Koç University,KOÇ ÜNİVERSİTESİ,Türkçe,Yüksek Lisans,Bilgisayar Mühendisliği Bilimleri-Bilgisayar ve Kontrol = Computer Engineering and Computer Science and Control,,,,,,false
1000030,HYH7RI0afw4_vB__XiPHxw,k_J-qgQHYNxILmFu3d7UgQ,SALİHCAN KARAMAN,2026,Uzaktan çok kaynaklı ölçümler yoluyla varlık verilerinin güvenilirliği / Uzaktan çok kaynakli ölçümler yoluyla varlik veri̇leri̇ni̇n güveni̇li̇rli̇ği̇,Uzaktan çok kaynaklı ölçümler yoluyla varlık verilerinin güvenilirliği,Uzaktan çok kaynakli ölçümler yoluyla varlik veri̇leri̇ni̇n güveni̇li̇rli̇ği̇,Istanbul Technical University,İSTANBUL TEKNİK ÜNİVERSİTESİ,Türkçe,Yüksek Lisans,İnşaat Mühendisliği = Civil Engineering,,,,,,false
1000804,aTATsFAMTgcJlReoY1V55w,HLNA_nHZqn2B3CSKDF74GA,ABDUALLAH DAMASH,2026,A reliable alzheimer\'s disease classification system using a structural MRI dataset / Yapısal manyetik rezonans görüntüleme (MRG) veri seti kullanılarak güvenilir bir alzheimer hastalığı sınıflandırma sistemi,A reliable alzheimer\'s disease classification system using a structural MRI dataset,Yapısal manyetik rezonans görüntüleme (MRG) veri seti kullanılarak güvenilir bir alzheimer hastalığı sınıflandırma sistemi,Middle East Technical University,ORTA DOĞU TEKNİK ÜNİVERSİTESİ,İngilizce,Yüksek Lisans,Elektrik ve Elektronik Mühendisliği = Electrical and Electronics Engineering,,,,,,false
1001872,oOzMmtZ27uT-_Iaq67NPQw,hPYdQBSPWTwmWM1kVhOd3g,KEREM DOLKAY,2026,Weakly supervised classification for breast cancer grading using smartphone-based microscopy images / Akıllı telefon tabanlı mikroskop görüntüleri ile meme kanseri derecelendirmesi için zayıf eğitmenle sınıflandırma,Weakly supervised classification for breast cancer grading using smartphone-based microscopy images,Akıllı telefon tabanlı mikroskop görüntüleri ile meme kanseri derecelendirmesi için zayıf eğitmenle sınıflandırma,Middle East Technical University,ORTA DOĞU TEKNİK ÜNİVERSİTESİ,İngilizce,Yüksek Lisans,Elektrik ve Elektronik Mühendisliği = Electrical and Electronics Engineering ; Patoloji = Pathology,,,,,,false
1002346,TXwBWrnQN_TygpmRIz37SQ,7hdqt3tcfLr4yPAwO9ZKrQ,ŞEVVAL COŞKUN,2026,Neutrino particle direction estimation using transformer-based deep learning / Transformer tabanlı derin öğrenme kullanılarak nötrino parçacık yönü kestirimi,Neutrino particle direction estimation using transformer-based deep learning,Transformer tabanlı derin öğrenme kullanılarak nötrino parçacık yönü kestirimi,Istanbul Technical University,İSTANBUL TEKNİK ÜNİVERSİTESİ,İngilizce,Yüksek Lisans,Fizik ve Fizik Mühendisliği = Physics and Physics Engineering,,,,,,false
1002527,hiFKOs5XBSOMVUqv0r84cQ,iWDpuatJcvff86ouaruiUQ,EMİNE PACCİ,2026,Pet görüntülerinde gürültü azaltıcı difüzyon olasılıksal modeller (DDPMs) ile gürültü azaltma / Noise reduction in pet images using denoising diffusion probabilistic models (DDPMs),Pet görüntülerinde gürültü azaltıcı difüzyon olasılıksal modeller (DDPMs) ile gürültü azaltma,Noise reduction in pet images using denoising diffusion probabilistic models (DDPMs),Istanbul Technical University,İSTANBUL TEKNİK ÜNİVERSİTESİ,Türkçe,Yüksek Lisans,Mühendislik Bilimleri = Engineering Sciences,,,,,,false
994756,jGum6lNjpk1qR0CHJ9Y12Q,CXWelf8MPX1YIAnFT_smdg,SAFİYE ELİF SERDAR YAKUT,2026,Peyzaj tasariminda bir keşif araci: üretken yapay zeka temelli tasarim karar destek modeli / Ai-enabled generative decision support model as a predictive decoding tool for landscape design,Peyzaj tasariminda bir keşif araci: üretken yapay zeka temelli tasarim karar destek modeli,Ai-enabled generative decision support model as a predictive decoding tool for landscape design,Istanbul Technical University,İSTANBUL TEKNİK ÜNİVERSİTESİ,Türkçe,Doktora,Bilim ve Teknoloji = Science and Technology ; Peyzaj Mimarlığı = Landscape Architecture,,,,,,false
995989,ZSQHrtKEMRDT1cBv5uGD_A,41Q7J1AY4CVy2YR1ukgF8Q,MUSTAFA OĞURLU,2026,Derin öğrenme ile atıksu kanal görüntülemede arızaların tespit edilmesi / Deep learning based sewage pipe line failures detection from images,Derin öğrenme ile atıksu kanal görüntülemede arızaların tespit edilmesi,Deep learning based sewage pipe line failures detection from images,Yıldız Technical University,YILDIZ TEKNİK ÜNİVERSİTESİ,Türkçe,Doktora,Mühendislik Bilimleri = Engineering Sciences,,,,,,false
998805,XFqnYwo6Bg0cOYtflYaRBw,1DDwsY3ABJLCEOMvUT9lIw,YAVUZ EMRE KAYACAN,2026,Novel deep learning based approaches for clutter removal and target detection in GPR / Ynr\'de kargaşa giderme ve hedef algılama için yeni derin öğrenme tabanlı yaklaşımlar,Novel deep learning based approaches for clutter removal and target detection in GPR,Ynr\'de kargaşa giderme ve hedef algılama için yeni derin öğrenme tabanlı yaklaşımlar,Istanbul Technical University,İSTANBUL TEKNİK ÜNİVERSİTESİ,İngilizce,Doktora,Elektrik ve Elektronik Mühendisliği = Electrical and Electronics Engineering,,,,,,false
995415,uSusiSDt3RPU-O9toK8sqQ,eelSUarOj1IGPstfrS_KrA,ELİF GÜNEY TAMER,2026,Enhancing splice variant prediction: evaluatingbioinformatics tools and the impact of training data in thecontext of genetic disorders / Splıce varyant tahmininin iyileştirilmesi: Genetikhastalıklarda biyoinformatık araçlarındeğerlendirilmesi ve eğitim verisinin etkisi,Enhancing splice variant prediction: evaluatingbioinformatics tools and the impact of training data in thecontext of genetic disorders,Splıce varyant tahmininin iyileştirilmesi: Genetikhastalıklarda biyoinformatık araçlarındeğerlendirilmesi ve eğitim verisinin etkisi,Middle East Technical University,ORTA DOĞU TEKNİK ÜNİVERSİTESİ,İngilizce,Doktora,Biyoistatistik = Biostatistics ; Genetik = Genetics ; Tıbbi Biyoloji = Medical Biology,,,,,,false
1000388,NCk_1-1VDUOXGusJxCsc9A,QlnRQhsU_UKj10g7lj4uCw,ZELİHA DOĞAN ERSOY,2026,Görüntü işleme ve derin öğrenme yöntemleri kullanarak enerji nakil hatlarında anomalilerin otomatik tespiti / Automated detection of anomalies in power transmission lines using image processing and deep learning methods,Görüntü işleme ve derin öğrenme yöntemleri kullanarak enerji nakil hatlarında anomalilerin otomatik tespiti,Automated detection of anomalies in power transmission lines using image processing and deep learning methods,Istanbul University,İSTANBUL ÜNİVERSİTESİ-CERRAHPAŞA,Türkçe,Doktora,Bilgisayar Mühendisliği Bilimleri-Bilgisayar ve Kontrol = Computer Engineering and Computer Science and Control,,,,,,false
991709,_U9tRmJg7AQcBohcpaU56Q,XRsjgmijFAmSPAdHj2utbg,OĞUZHAN AKARSLAN,2026,Rüzgâr türbinlerinde hibrit derin öğrenme modelleri ile tahmine dayalı bakım ve rota optimizasyonu / Predictive maintenance and routing optimization of wind turbines using hybrid deep learning models,Rüzgâr türbinlerinde hibrit derin öğrenme modelleri ile tahmine dayalı bakım ve rota optimizasyonu,Predictive maintenance and routing optimization of wind turbines using hybrid deep learning models,Istanbul University,İSTANBUL ÜNİVERSİTESİ-CERRAHPAŞA,Türkçe,Doktora,Endüstri ve Endüstri Mühendisliği = Industrial and Industrial Engineering,,,,,,false
990261,_BU9Yg1AyYj-Ue9oYEJ9WQ,Xf19sosbbn1V2PRJo_EbJA,SAEID KARIMI,2026,Robust deep learning under distribution shift: invariant feature learning and reliabletest-time adaptation / Dağılım kayması altında gürbüz derin öğrenme: Değişmez öznitelik öğrenimi ve güvenilir test zamanı uyarlaması,Robust deep learning under distribution shift: invariant feature learning and reliabletest-time adaptation,Dağılım kayması altında gürbüz derin öğrenme: Değişmez öznitelik öğrenimi ve güvenilir test zamanı uyarlaması,Bilkent University,İHSAN DOĞRAMACI BİLKENT ÜNİVERSİTESİ,İngilizce,Doktora,Bilgisayar Mühendisliği Bilimleri-Bilgisayar ve Kontrol = Computer Engineering and Computer Science and Control,,,,,,false
996564,pVPEQxoq9a5myeR4EsxyVw,pea-tOBLQvQ9PfvmgX003w,İLAYDA KELKİTLİ BAŞARAN,2026,"Derin öğrenme ve istatistiksel modellerle operasyonel rüzgar enerjisi tahmini: Batman içinn LSTM, ANN ve ARIMA uygulaması / Operational wind energy forecasting using deep learning and statistical models: An application of LSTM, ANN and ARIMA for Batman","Derin öğrenme ve istatistiksel modellerle operasyonel rüzgar enerjisi tahmini: Batman içinn LSTM, ANN ve ARIMA uygulaması","Operational wind energy forecasting using deep learning and statistical models: An application of LSTM, ANN and ARIMA for Batman",Istanbul Technical University,İSTANBUL TEKNİK ÜNİVERSİTESİ,Türkçe,Yüksek Lisans,Enerji = Energy,,,,,,false
993495,n9GqZUbMpqqBGQ0F3O7COw,WhQBhrcvWV1ynjTZa9TXBg,GÜNER DURMAZ,2026,Kalite mi? Kimlik politikaları mı? Fantezi uyarlamalarında fan tepkilerinin karşılaştırmalı sosyal medya analizi: Güç Yüzükleri dizisi örneği / Quality or identity politics? A comparative social media analysis of fan reactions to fantasy adaptations: The case of the Rings of Power,Kalite mi? Kimlik politikaları mı? Fantezi uyarlamalarında fan tepkilerinin karşılaştırmalı sosyal medya analizi: Güç Yüzükleri dizisi örneği,Quality or identity politics? A comparative social media analysis of fan reactions to fantasy adaptations: The case of the Rings of Power,Istanbul University,İSTANBUL ÜNİVERSİTESİ,Türkçe,Yüksek Lisans,Gazetecilik = Journalism ; Halkla İlişkiler = Public Relations,,,,,,false
990192,3BXWQu2SicIdh5cI7x4Saw,6R1VGPNG4WuJUAzxkl5PzA,CANSU ŞİMAL BAĞLI,2026,Türkiye\'de kurulu güç dağılımı dengelemesiyle rüzgardan enerji üretiminin üniformlaştırılması / Uniformizing energy production from wind through installed capacity balancing in Turkey,Türkiye\'de kurulu güç dağılımı dengelemesiyle rüzgardan enerji üretiminin üniformlaştırılması,Uniformizing energy production from wind through installed capacity balancing in Turkey,Istanbul Technical University,İSTANBUL TEKNİK ÜNİVERSİTESİ,Türkçe,Yüksek Lisans,Enerji = Energy,,,,,,false
996640,bYZbmhe9lmENoE1gqda-Hg,5mTF0VDcgCizIOuOcIjGWQ,ALİ ŞAMİL AYTEKİN,2026,Gömülü sistemler ile yarı-girişimsel yük izleme kullanarak ev aletlerinin enerji tüketiminin takibi ve enerji tasarrufu önerilerinin sunulması / Monitoring household appliances\' energy consumption using embedded systems with silm and providing energy-saving recommendations,Gömülü sistemler ile yarı-girişimsel yük izleme kullanarak ev aletlerinin enerji tüketiminin takibi ve enerji tasarrufu önerilerinin sunulması,Monitoring household appliances\' energy consumption using embedded systems with silm and providing energy-saving recommendations,Istanbul Technical University,İSTANBUL TEKNİK ÜNİVERSİTESİ,Türkçe,Yüksek Lisans,Elektrik ve Elektronik Mühendisliği = Electrical and Electronics Engineering,,,,,,false
1000067,y9WjlJ3sQDxoTZVPdIYzgg,D95nOkZYoRmRnU5-kqF4cA,MOHAMMAD MOBADERSANI,2026,Artificial intelligence driven arbitration: A new approach for efficient arbitrator selection in construction disputes / Yapay zeka destekli tahkim: İnşaat uyuşmazlıklarında etkin hakem seçimi için yeni bir yaklaşım,Artificial intelligence driven arbitration: A new approach for efficient arbitrator selection in construction disputes,Yapay zeka destekli tahkim: İnşaat uyuşmazlıklarında etkin hakem seçimi için yeni bir yaklaşım,Istanbul Technical University,İSTANBUL TEKNİK ÜNİVERSİTESİ,İngilizce,Yüksek Lisans,İnşaat Mühendisliği = Civil Engineering,,,,,,false
1000058,3-hnedL_2JRK7Tb1xjwHkg,Fat1gEh_LPm-gq2Fx4S00Q,HASAN EFEKAN BİLEN,2026,Construction dispute resolution in the age of AI: Bridging the gap between engineering reality and legal doctrine in Türki̇ye / Yapay zeka çağında inşaat uyuşmazlıklarının çözümü: Türkiye\'de mühendislik gerçekliği ile hukuk doktrini arasındaki boşluğun köprülenmesi,Construction dispute resolution in the age of AI: Bridging the gap between engineering reality and legal doctrine in Türki̇ye,Yapay zeka çağında inşaat uyuşmazlıklarının çözümü: Türkiye\'de mühendislik gerçekliği ile hukuk doktrini arasındaki boşluğun köprülenmesi,Istanbul Technical University,İSTANBUL TEKNİK ÜNİVERSİTESİ,İngilizce,Yüksek Lisans,İnşaat Mühendisliği = Civil Engineering,,,,,,false
1000954,rlNfHJMujTu84c_w5pcuBQ,RK-4IqMu4xg9IcdFy-bjPg,ULAŞ KARACA,2026,The military AI competition between the United States and China: Is it an arms race? / Amerika Birleşik Devletleri ve Çin arasındaki askeri yapay zeka rekabeti bir silahlanma yarışı mı?,The military AI competition between the United States and China: Is it an arms race?,Amerika Birleşik Devletleri ve Çin arasındaki askeri yapay zeka rekabeti bir silahlanma yarışı mı?,Middle East Technical University,ORTA DOĞU TEKNİK ÜNİVERSİTESİ,İngilizce,Yüksek Lisans,Uluslararası İlişkiler = International Relations,,,,,,false
1000984,rL-K8rY7AT74MyI2bvTD4A,FAqxEpHcyHagzCgCohDcRA,BEYZA NUR OTURAK,2026,Okul öncesi öğretmenlerinin sınıf içi etkinliklerde yapay zekâ kullanımına ilişkin görüşlerinin incelenmesi / Investigation of preschool teachers\' opinions on the use of artificial intelligence in classroom activities,Okul öncesi öğretmenlerinin sınıf içi etkinliklerde yapay zekâ kullanımına ilişkin görüşlerinin incelenmesi,Investigation of preschool teachers\' opinions on the use of artificial intelligence in classroom activities,Yıldız Technical University,YILDIZ TEKNİK ÜNİVERSİTESİ,Türkçe,Yüksek Lisans,Eğitim ve Öğretim = Education and Training,,,,,,false
990215,vykejr7Kuk3i_5150OnLOg,0jq_HGY3efrQXx_FGVTlwg,TALHA ENES ERCAN,2026,Safety analysis and deep reinforcement learning implementation for an automatic emergency braking system / Otomatik acil fren sistemi için güvenlik analizi ve derin pekiştirmeli öğrenme uygulaması,Safety analysis and deep reinforcement learning implementation for an automatic emergency braking system,Otomatik acil fren sistemi için güvenlik analizi ve derin pekiştirmeli öğrenme uygulaması,Istanbul Technical University,İSTANBUL TEKNİK ÜNİVERSİTESİ,İngilizce,Yüksek Lisans,Bilgisayar Mühendisliği Bilimleri-Bilgisayar ve Kontrol = Computer Engineering and Computer Science and Control ; Mekatronik Mühendisliği = Mechatronics Engineering,,,,,,false
997005,pacnqWtxHQpAUhzwoiQm3A,SkcAdCfw0TDeUSrTsJinSg,NADİRE AKPINAR,2026,The impact of ChatGPT and writing feedback of teacher on students\' writing self-efficacy / ChatGPT ve öğretmen yazma geri bildiriminin öğrencilerin yazma öz-yeterliliği üzerindeki etkisi,The impact of ChatGPT and writing feedback of teacher on students\' writing self-efficacy,ChatGPT ve öğretmen yazma geri bildiriminin öğrencilerin yazma öz-yeterliliği üzerindeki etkisi,Hacettepe University,HACETTEPE ÜNİVERSİTESİ,İngilizce,Yüksek Lisans,Eğitim ve Öğretim = Education and Training,,,,,,false
989254,WYcLRuhjDfmODrAwSDGkXQ,WNyLZSNWjipLg40DTd5cRA,ESRANUR BULDUK,2026,Yapay zekâ sistemlerinde unutulma hakkı / The right to be forgotten in artificial intelligence systems,Yapay zekâ sistemlerinde unutulma hakkı,The right to be forgotten in artificial intelligence systems,Hacettepe University,HACETTEPE ÜNİVERSİTESİ,Türkçe,Yüksek Lisans,Hukuk = Law,,,,,,false
992261,pUlQiesk2TpFO-YmZG1Mog,3zsVIDatVWK3Eeqbbpzoag,BOĞAÇHAN ŞERBETCİOĞLU,2026,Konut projelerinde ön tasarım aşamasında kaba inşaat maliyetlerinin yapay sinir ağları ile tahmin edilmesi / Estimation of rough construction costs in the preliminary design phase of residential projects using artificial neural networks,Konut projelerinde ön tasarım aşamasında kaba inşaat maliyetlerinin yapay sinir ağları ile tahmin edilmesi,Estimation of rough construction costs in the preliminary design phase of residential projects using artificial neural networks,Istanbul Technical University,İSTANBUL TEKNİK ÜNİVERSİTESİ,Türkçe,Yüksek Lisans,Mimarlık = Architecture,,,,,,false
995554,gVzyQoupR7LjN5cmnUZteQ,XgGUsONiChgaWHaydJ177A,BEYZA ARSLAN,2026,Measuring supply chain greenwashing in corporate sustainability reports: an aı assisted discourse–disclosure gap analysis of bıst 100 firms (2019–2023) / Sürdürülebilirlik raporlarında tedarik zinciri greenwashing ölçümü: bıst 100 firmalarının yapay zeka destekli söylem–açıklama farkı analizi (2019–2023),Measuring supply chain greenwashing in corporate sustainability reports: an aı assisted discourse–disclosure gap analysis of bıst 100 firms (2019–2023),Sürdürülebilirlik raporlarında tedarik zinciri greenwashing ölçümü: bıst 100 firmalarının yapay zeka destekli söylem–açıklama farkı analizi (2019–2023),Koç University,KOÇ ÜNİVERSİTESİ,İngilizce,Yüksek Lisans,Ekonomi = Economics ; İşletme = Business Administration,,,,,,false
999521,iRBvNKEVoW2t7xXYqLrfFw,2eSdjleQC9EB4u0M0hhDPg,BUKET TÜMBUL,2026,Comparatıve analysıs of spatıal experıence ın physıcal and vırtual envıronments: The case of anadolu hısarı / Fiziksel ve sanal ortamlarda mekansal deneyimin karşılaştırmalı analizi: Anadolu hisarı örneği,Comparatıve analysıs of spatıal experıence ın physıcal and vırtual envıronments: The case of anadolu hısarı,Fiziksel ve sanal ortamlarda mekansal deneyimin karşılaştırmalı analizi: Anadolu hisarı örneği,Istanbul Technical University,İSTANBUL TEKNİK ÜNİVERSİTESİ,İngilizce,Yüksek Lisans,Mimarlık = Architecture,,,,,,false
1000941,Osan1s301cs9U6Dvntr6Rw,qn5IAuyQEt-3eOvxNHyiOg,BÜŞRA GÜLKÜBRA EKİNCİ,2026,"The European Union AI act and its implications for human resource management: Legal frameworks, challenges, and opportunities / Avrupa Birliği yapay zeka yasası ve insan kaynakları yönetimi üzerine etkileri: Yasal çerçeveler, zorluklar ve fırsatlar","The European Union AI act and its implications for human resource management: Legal frameworks, challenges, and opportunities","Avrupa Birliği yapay zeka yasası ve insan kaynakları yönetimi üzerine etkileri: Yasal çerçeveler, zorluklar ve fırsatlar",Middle East Technical University,ORTA DOĞU TEKNİK ÜNİVERSİTESİ,İngilizce,Yüksek Lisans,Siyasal Bilimler = Political Science,,,,,,false
1001131,1StDineY0eI9VrK5uFd-XQ,d5EScizgsll3-_-k1A_vug,MELİSA ÇELEBİ,2026,Glikoz algılaması için yeni enzimatik olmayan elektrokimyasal bionanosensör üretimi / Production of novel bio-nanosensor for glucose non-enzymatic electrochemical sensing,Glikoz algılaması için yeni enzimatik olmayan elektrokimyasal bionanosensör üretimi,Production of novel bio-nanosensor for glucose non-enzymatic electrochemical sensing,Istanbul University,İSTANBUL ÜNİVERSİTESİ-CERRAHPAŞA,Türkçe,Yüksek Lisans,Kimya = Chemistry,,,,,,false
1001347,9zbMbvSgQizmqX7utNZgjg,03spE5qq89FF3Z0PcZXpHw,MESUT SEZER,2026,Aeroderivatif gaz türbinlerinin optimum yük hesaplaması ve şebeke frekans stabilizasyonuna katkılarının belirlenmesi / Optimum load calculation of aeroderivative gas turbines and determination of their contribution to grid frequency stabilization,Aeroderivatif gaz türbinlerinin optimum yük hesaplaması ve şebeke frekans stabilizasyonuna katkılarının belirlenmesi,Optimum load calculation of aeroderivative gas turbines and determination of their contribution to grid frequency stabilization,Istanbul University,İSTANBUL ÜNİVERSİTESİ-CERRAHPAŞA,Türkçe,Yüksek Lisans,Elektrik ve Elektronik Mühendisliği = Electrical and Electronics Engineering,,,,,,false
999354,ZFI5kaeqTvTXxDwWU6_RaA,ohgave09qwhzrsdTeLMccg,EMRE RASIM,2026,LLC rezonans çeviricilerinin üretim tabanlı en uygunlaştırılmış tasarımına katkılar / Contributions to the manufacturing based optimizeddesign of LLC resonant converters,LLC rezonans çeviricilerinin üretim tabanlı en uygunlaştırılmış tasarımına katkılar,Contributions to the manufacturing based optimizeddesign of LLC resonant converters,Istanbul Technical University,İSTANBUL TEKNİK ÜNİVERSİTESİ,Türkçe,Yüksek Lisans,Elektrik ve Elektronik Mühendisliği = Electrical and Electronics Engineering,,,,,,false
1002272,Mwc_y2WBWGF-xkj7R-FWAg,ptnXLEXkA-5tOfq0MwTVFA,WASIM MOHAMMED ABDALLAH ALNAJJAR,2026,Bulut güvenliğini sağlama: bulut bilişim ortamlarında siber güvenliği artırmaya yönelik stratejiler ve gelecek yönergeleri / Securing the cloud: Strategies and future directions for enhancing cybersecurity in cloud computing environments,Bulut güvenliğini sağlama: bulut bilişim ortamlarında siber güvenliği artırmaya yönelik stratejiler ve gelecek yönergeleri,Securing the cloud: Strategies and future directions for enhancing cybersecurity in cloud computing environments,Istanbul University,İSTANBUL ÜNİVERSİTESİ-CERRAHPAŞA,Türkçe,Yüksek Lisans,Bilgisayar Mühendisliği Bilimleri-Bilgisayar ve Kontrol = Computer Engineering and Computer Science and Control,,,,,,false
1001824,fnHPRR_aeiyizGcYSq1gjA,bfOvuy_behLjEoe0fG5PYA,MEHMET ANIL GÜLŞAN,2026,Multi-objective optimization of swirl burner with premixed ammonia/hydrogen flame / Ön karışımlı amonyak/hidrojen alevine sahip girdaplı yakıcının çok hedefli optimizasyonu,Multi-objective optimization of swirl burner with premixed ammonia/hydrogen flame,Ön karışımlı amonyak/hidrojen alevine sahip girdaplı yakıcının çok hedefli optimizasyonu,Istanbul Technical University,İSTANBUL TEKNİK ÜNİVERSİTESİ,İngilizce,Doktora,Makine Mühendisliği = Mechanical Engineering,,,,,,false
998069,-zJm6zM2bguhgW5i3DqUHA,YJk5qHfTjXJQ0f5ys6vCJQ,HALİME EROĞLU,2026,Artificial intelligence powered career guidance: The case of Turkish Employment Agency (İŞKUR) / Yapay zeka destekli kariyer danışmanlığı: Türkiye İş Kurumu için bir model önerisi,Artificial intelligence powered career guidance: The case of Turkish Employment Agency (İŞKUR),Yapay zeka destekli kariyer danışmanlığı: Türkiye İş Kurumu için bir model önerisi,Middle East Technical University,ORTA DOĞU TEKNİK ÜNİVERSİTESİ,İngilizce,Yüksek Lisans,Sosyoloji = Sociology,,,,,,false
991032,hrk37P7r_PKwtudmo8oqwg,c2ccdGCpKtHhpn6k3mwaxA,HAYAL ŞAHİN,2026,Monsterising the other: Monstrosity in Mary Shelley\'s Frankenstein or The Modern Prometheus and Jeanette Winterson\'s Fran-kiss-stein: A Love Story / Ötekini canavarlaştırmak: Mary Shelley\'nin Frankenstein Ya Da Modern Prometheus\'ında ve Jeanette Winterson\'ın Fran-kiss-stein: Bir Aşk Hikayesi\'nde canavarlık,Monsterising the other: Monstrosity in Mary Shelley\'s Frankenstein or The Modern Prometheus and Jeanette Winterson\'s Fran-kiss-stein: A Love Story,Ötekini canavarlaştırmak: Mary Shelley\'nin Frankenstein Ya Da Modern Prometheus\'ında ve Jeanette Winterson\'ın Fran-kiss-stein: Bir Aşk Hikayesi\'nde canavarlık,Hacettepe University,HACETTEPE ÜNİVERSİTESİ,İngilizce,Yüksek Lisans,İngiliz Dili ve Edebiyatı = English Language and Literature,,,,,,false
990083,X3BsSKUXr2pKmPzAWXTczw,dly8GhPw3zYpN95hIWxGRg,EMİNE YEKTA YILMAZ,2026,Bağlanma modlarının eldesiyle öncü bileşik keşfine yönelik sanal tarama iş akışı oluşturulması / Designing a virtual screening workflow for lead compound discovery by eliciting binding modes,Bağlanma modlarının eldesiyle öncü bileşik keşfine yönelik sanal tarama iş akışı oluşturulması,Designing a virtual screening workflow for lead compound discovery by eliciting binding modes,Hacettepe University,HACETTEPE ÜNİVERSİTESİ,Türkçe,Yüksek Lisans,Bilgisayar Mühendisliği Bilimleri-Bilgisayar ve Kontrol = Computer Engineering and Computer Science and Control ; Eczacılık ve Farmakoloji = Pharmacy and Pharmacology,,,,,,false
992555,zEI7TRU6MuJmfgO67bMz3w,6Ht-DfiMq4l2Ji9zIRfn-w,HİLAL AYDIN,2026,Managing discrimination risks in artificial intelligence under EU law: A legal assessment of the effectiveness of the AI Act / AB hukuku kapsamında yapay zekâda ayrımcılık risklerinin yönetimi: Yapay Zekâ Tüzüğü\'nün etkinliğinin hukuki bir değerlendirmesi,Managing discrimination risks in artificial intelligence under EU law: A legal assessment of the effectiveness of the AI Act,AB hukuku kapsamında yapay zekâda ayrımcılık risklerinin yönetimi: Yapay Zekâ Tüzüğü\'nün etkinliğinin hukuki bir değerlendirmesi,Koç University,KOÇ ÜNİVERSİTESİ,İngilizce,Yüksek Lisans,Hukuk = Law,,,,,,false
993011,KQtqRzDkSsKXHrxXHANz4w,TmRgah9Z7k1bEt4CH7MKzg,HALİL AYDIN,2026,Elektrikli araçlarda kullanilmak üzere lityum demir fosfat bataryalarin modellenmesi ve şarj durum tahmini / Modeling and state of charge estimation of lithium ıron phosphate batteries for use in electric vehicles,Elektrikli araçlarda kullanilmak üzere lityum demir fosfat bataryalarin modellenmesi ve şarj durum tahmini,Modeling and state of charge estimation of lithium ıron phosphate batteries for use in electric vehicles,Istanbul Technical University,İSTANBUL TEKNİK ÜNİVERSİTESİ,Türkçe,Yüksek Lisans,Mekatronik Mühendisliği = Mechatronics Engineering,,,,,,false
994759,qdhaHpkkUEpbJ7ubbZdA4w,tnKsLtyvoq8dXdLEio4Xbg,AYŞE KAYA,2026,Investigating EFL teachers\' readiness to use artificial intelligence in their teaching practices / İngilizce öğretmenlerinin öğretim uygulamalarında yapay zekâ kullanımına yönelik hazır bulunuşluklarının incelenmesi,Investigating EFL teachers\' readiness to use artificial intelligence in their teaching practices,İngilizce öğretmenlerinin öğretim uygulamalarında yapay zekâ kullanımına yönelik hazır bulunuşluklarının incelenmesi,Hacettepe University,HACETTEPE ÜNİVERSİTESİ,İngilizce,Yüksek Lisans,Eğitim ve Öğretim = Education and Training,,,,,,false
994929,3oRCpRaVQT-vUNLPkCReZA,85pjd7UmKqGjqwtUjZYuFg,KERİM GEDİK,2026,Yabancı dil olarak Türkçe öğretiminde yapay zekâ kullanılarak yazma becerisinin geliştirilmesi / Improving writing skills through artificial intelligence in teaching Turkish as a foreign language,Yabancı dil olarak Türkçe öğretiminde yapay zekâ kullanılarak yazma becerisinin geliştirilmesi,Improving writing skills through artificial intelligence in teaching Turkish as a foreign language,Yıldız Technical University,YILDIZ TEKNİK ÜNİVERSİTESİ,Türkçe,Yüksek Lisans,Eğitim ve Öğretim = Education and Training,,,,,,false
995824,bui0cQZivFf5g5cmx9Sh7Q,8z10KxSasuAFgWm7bID6nw,GÖKÇE SERİM,2026,Bilinç ve irade tartışmaları kapsamında yapay zekâ ve cezaî sorumluluk / Artificial intelligence and criminal liability within the debates of consciousness and will,Bilinç ve irade tartışmaları kapsamında yapay zekâ ve cezaî sorumluluk,Artificial intelligence and criminal liability within the debates of consciousness and will,Hacettepe University,HACETTEPE ÜNİVERSİTESİ,Türkçe,Doktora,Hukuk = Law,,,,,,false
994710,RjtZhlc0Vb5hKk7KzeaWDw,22ZyJh61_ggEswiAjCV8Ag,KADİR COŞKUN,2026,Yabancılara Türkçe öğretiminde öğrenicilerin yazılı ürünlerini değerlendirmeye yönelik yapay zekâ destekli web tabanlı bir uygulama / An artificial intelligence supported web-based application for evaluating learners\' written products in teaching Turkish to foreigners,Yabancılara Türkçe öğretiminde öğrenicilerin yazılı ürünlerini değerlendirmeye yönelik yapay zekâ destekli web tabanlı bir uygulama,An artificial intelligence supported web-based application for evaluating learners\' written products in teaching Turkish to foreigners,Hacettepe University,HACETTEPE ÜNİVERSİTESİ,Türkçe,Doktora,Eğitim ve Öğretim = Education and Training,,,,,,false
992901,G7ky3gF7-dzKQ5x9iDvr7w,0DWBe9QnD3oxVP4eU-GKIQ,HÜLYA KAYA,2026,Ölümcül otonom silah sistemleri ve devletin kusursuz sorumluluğu / Lethal autonomous weapons systems and the strict state liability,Ölümcül otonom silah sistemleri ve devletin kusursuz sorumluluğu,Lethal autonomous weapons systems and the strict state liability,Hacettepe University,HACETTEPE ÜNİVERSİTESİ,Türkçe,Doktora,Hukuk = Law,,,,,,false
1001016,lTvWhRWHGCZOWK750tB8ZQ,c9GUbZrwUUIwXwlZMOp_lA,AYŞENUR AĞAOĞLU İŞSEVER,2026,Yapay zekâ ve uzman temelli program geliştirme süreçlerinin karşılaştırılması: Tıp fakültesi tıbbi mesleki İngilizce dersi örneği / Comparing artificial intelligence-based and expert-based program development processes: The case of medical professional English course in a medical faculty,Yapay zekâ ve uzman temelli program geliştirme süreçlerinin karşılaştırılması: Tıp fakültesi tıbbi mesleki İngilizce dersi örneği,Comparing artificial intelligence-based and expert-based program development processes: The case of medical professional English course in a medical faculty,Yıldız Technical University,YILDIZ TEKNİK ÜNİVERSİTESİ,Türkçe,Doktora,Eğitim ve Öğretim = Education and Training,,,,,,false
998605,QD4K2ICsL1T-oanhBbUFaQ,DsaQti2r3KaT-0ZNTmqZDQ,OKTAY DÖNMEZ,2026,"Öğretmen adaylarının yapay zekâ okuryazarlık düzeylerinin bit özyeterliği, teknostres, bireysel yenilikçilik ve zihniyet yapısı bağlamında incelenmesi / Investigation of prospective teachers\' artificial intelligence literacy levels in the context of ict self-efficacy, technostress, individual innovativeness and mindset structure","Öğretmen adaylarının yapay zekâ okuryazarlık düzeylerinin bit özyeterliği, teknostres, bireysel yenilikçilik ve zihniyet yapısı bağlamında incelenmesi","Investigation of prospective teachers\' artificial intelligence literacy levels in the context of ict self-efficacy, technostress, individual innovativeness and mindset structure",Hacettepe University,HACETTEPE ÜNİVERSİTESİ,Türkçe,Doktora,Eğitim ve Öğretim = Education and Training,,,,,,false
998735,RPpMMR3ZvFEbdrkWwQhK4A,9baGlte_3gjtC14xRHSsQw,ELİF SİDA KARAİSMAİLOĞLU,2026,Fen bilgisi öğretmen adaylarının yeni nesil çevre sorunlarıfarkındalığının çeşitli değişkenler açısından incelenmesi / An investigation of science teachers candidates\' awareness of newgenerati̇on envi̇ronmental problems in terms of different variables,Fen bilgisi öğretmen adaylarının yeni nesil çevre sorunlarıfarkındalığının çeşitli değişkenler açısından incelenmesi,An investigation of science teachers candidates\' awareness of newgenerati̇on envi̇ronmental problems in terms of different variables,Hacettepe University,HACETTEPE ÜNİVERSİTESİ,Türkçe,Doktora,Eğitim ve Öğretim = Education and Training,,,,,,false
1001778,h48ufbWQsnwLwdQEXOKRVg,qwmAD11ZzHJU4ywXl4I_SQ,ÜMİT ARSLAN,2026,Türk kamu personel seçim sisteminin analizi ve yapay zekâ tabanlı bir model önerisi / Analysis of the Turkish public personnel selection system and proposal of an artificial intelligence-based model,Türk kamu personel seçim sisteminin analizi ve yapay zekâ tabanlı bir model önerisi,Analysis of the Turkish public personnel selection system and proposal of an artificial intelligence-based model,Hacettepe University,HACETTEPE ÜNİVERSİTESİ,Türkçe,Doktora,Kamu Yönetimi = Public Administration,,,,,,false
996824,HM3HiyyCYIk-XZ0o3n_kJA,dm_z1heqauhCPLKHkBrKXQ,ERHAN KUTLUCAN,2026,Yapay zekâ destekli işbirlikli öğrenmenin programlama eğitimine etkileri / The effects of artificial intelligence-supported collaborative learning on programming education,Yapay zekâ destekli işbirlikli öğrenmenin programlama eğitimine etkileri,The effects of artificial intelligence-supported collaborative learning on programming education,Hacettepe University,HACETTEPE ÜNİVERSİTESİ,Türkçe,Doktora,Eğitim ve Öğretim = Education and Training,,,,,,false
995864,6b3p3lUALBBl5yh1gUfPoQ,4mC2NXQBVgsnyTsuF95O-g,EMRE GÖNÜLCÜ,2026,Bina tipi taşıyıcı sistemlerde bir yapı sağlığı izleme yöntemi önerisi: Basitleştirilmiş sayısal model ve hasar tespit algoritması / A structural health monitoring method proposal for building-type structural systems: Simplified numerical model and damage detection algorithm,Bina tipi taşıyıcı sistemlerde bir yapı sağlığı izleme yöntemi önerisi: Basitleştirilmiş sayısal model ve hasar tespit algoritması,A structural health monitoring method proposal for building-type structural systems: Simplified numerical model and damage detection algorithm,Istanbul Technical University,İSTANBUL TEKNİK ÜNİVERSİTESİ,Türkçe,Doktora,İnşaat Mühendisliği = Civil Engineering,,,,,,false
990213,rUVVFzq4W40Qo41dsezYpw,oLlpVIxgT7blVG5wVD1Blw,İREM ALMULA ERDOĞAN,2026,GTM uçak modelinin pıd ve yapay sinir ağları ile iniş kontrolü / Landing control of GTM model using pid and artificial neural networks,GTM uçak modelinin pıd ve yapay sinir ağları ile iniş kontrolü,Landing control of GTM model using pid and artificial neural networks,Istanbul Technical University,İSTANBUL TEKNİK ÜNİVERSİTESİ,Türkçe,Yüksek Lisans,Bilgisayar Mühendisliği Bilimleri-Bilgisayar ve Kontrol = Computer Engineering and Computer Science and Control,,,,,,false
998982,4VWEbmQ2eD-4Mzj-lIc5EA,UAWfxe2aG7k0m5mRqGbaxQ,NESLİHAN KARAŞ KUTLUCAN,2026,Event-triggered secure control design of multi-agent systems under false data ınjection attacks / Sahte veri enjeksiyonu saldırıları altında çok etmenli sistemler için olay tetiklemeli güvenli kontrol tasarımı,Event-triggered secure control design of multi-agent systems under false data ınjection attacks,Sahte veri enjeksiyonu saldırıları altında çok etmenli sistemler için olay tetiklemeli güvenli kontrol tasarımı,Yıldız Technical University,YILDIZ TEKNİK ÜNİVERSİTESİ,İngilizce,Doktora,Bilgisayar Mühendisliği Bilimleri-Bilgisayar ve Kontrol = Computer Engineering and Computer Science and Control ; Elektrik ve Elektronik Mühendisliği = Electrical and Electronics Engineering,,,,,,false
992856,2m7T_fgy61BGrEddUwmnKQ,bFcHb-4d3GZ3HtewF2b0Ow,DENİZ MUHACİR,2026,Dört rotorlu insansız hava araçları için fizik rehberli artık geri beslemeli sinir ağı ile çok ajanlı dağıtılmış lineer olmayan model öngörülü formasyon kontrolü / Multi-agent distributed nonlinear model predictive formation control for quadrotor uavs using a physics-guided residual feedback neural network,Dört rotorlu insansız hava araçları için fizik rehberli artık geri beslemeli sinir ağı ile çok ajanlı dağıtılmış lineer olmayan model öngörülü formasyon kontrolü,Multi-agent distributed nonlinear model predictive formation control for quadrotor uavs using a physics-guided residual feedback neural network,Istanbul Technical University,İSTANBUL TEKNİK ÜNİVERSİTESİ,Türkçe,Yüksek Lisans,Elektrik ve Elektronik Mühendisliği = Electrical and Electronics Engineering,,,,,,false
995230,PyRyix1paHSAm_wkuEX3uQ,_KawbzhEmPwVjAsLaET42Q,ECE NAZ SARIÇAM,2026,Doğumsal brakiyal pleksus yaralanmalı çocuklarda reaksiyon zamanının incelenmesi / Investigation of reaction time in children with brachial plexus birth injury,Doğumsal brakiyal pleksus yaralanmalı çocuklarda reaksiyon zamanının incelenmesi,Investigation of reaction time in children with brachial plexus birth injury,Hacettepe University,HACETTEPE ÜNİVERSİTESİ,Türkçe,Yüksek Lisans,Fizyoterapi ve Rehabilitasyon = Physiotherapy and Rehabilitation,,,,,,false
995243,ngr5QgtoGPKD9QYOV7Y6Kw,eErYmNJp6OObdbd3CGEEdw,MUSTAFA YILDIRIM,2026,Multi-step neural network based system identification and NMPC for an underactuated unmanned surface vehicle / Kısmi tahrikli insansız su üstü aracı için çok adımlı yapay sinir ağı tabanlı sistem tanımlaması ve lineer olmayan model öngörülü kontrolcu tasarımı,Multi-step neural network based system identification and NMPC for an underactuated unmanned surface vehicle,Kısmi tahrikli insansız su üstü aracı için çok adımlı yapay sinir ağı tabanlı sistem tanımlaması ve lineer olmayan model öngörülü kontrolcu tasarımı,Middle East Technical University,ORTA DOĞU TEKNİK ÜNİVERSİTESİ,İngilizce,Yüksek Lisans,Elektrik ve Elektronik Mühendisliği = Electrical and Electronics Engineering,,,,,,false
998109,nbNppaCJUYwGaL_6-Os5-g,5mZrFtQ3wCEC0hhfeJKHzA,MUHAMMET TARIK ERKAN YILDIZ,2026,Yansıtıcı dizi anten birim hücrelerinin pca ve bayesçi optimizasyon destekli yapay sinir ağları ile modellenmesi / Modeling of reflectarray antenna unit cells using pca and bayesian optimization-aided artificial neural networks,Yansıtıcı dizi anten birim hücrelerinin pca ve bayesçi optimizasyon destekli yapay sinir ağları ile modellenmesi,Modeling of reflectarray antenna unit cells using pca and bayesian optimization-aided artificial neural networks,Yıldız Technical University,YILDIZ TEKNİK ÜNİVERSİTESİ,Türkçe,Yüksek Lisans,Elektrik ve Elektronik Mühendisliği = Electrical and Electronics Engineering ; Mühendislik Bilimleri = Engineering Sciences,,,,,,false
1001365,x2zyp2vVZAw23uLO3_YlaQ,jazuaXBTTAKAeGaHG9zx-g,KEREM YAŞAR,2026,Cough detection in spirometry using convolutional neural network with spatial attention / Uzamsal dikkat içeren evrişimli sinir ağı ile spirometride öksürük tespiti,Cough detection in spirometry using convolutional neural network with spatial attention,Uzamsal dikkat içeren evrişimli sinir ağı ile spirometride öksürük tespiti,Middle East Technical University,ORTA DOĞU TEKNİK ÜNİVERSİTESİ,İngilizce,Yüksek Lisans,Bilgisayar Mühendisliği Bilimleri-Bilgisayar ve Kontrol = Computer Engineering and Computer Science and Control ; Elektrik ve Elektronik Mühendisliği = Electrical and Electronics Engineering,,,,,,false
1001884,hZcFHuICjqPFgPEISE7lZg,9GjSbynjXA02QihmWm7Gmw,MAHMUT ARICAN,2026,Investigation of perpendicular blade-vortex interaction using computational fluid dynamics and machine learning / Dik kanat-girdap etkileşiminin hesaplamalı akışkanlar dinamiği ve makine öğrenmesi kullanılarak incelenmesi,Investigation of perpendicular blade-vortex interaction using computational fluid dynamics and machine learning,Dik kanat-girdap etkileşiminin hesaplamalı akışkanlar dinamiği ve makine öğrenmesi kullanılarak incelenmesi,Middle East Technical University,ORTA DOĞU TEKNİK ÜNİVERSİTESİ,İngilizce,Yüksek Lisans,Havacılık ve Uzay Mühendisliği = Aeronautical Engineering,,,,,,false
1001492,1gArF5JBAyzi25I8Gcq6tQ,0pVJE2sJSEpeVK6OJguwsQ,MOSAB ABOIDREES ALTRAIFI YOUSIF,2026,Motor görüntü elektroensefalografi sinyallerinin zaman-frekans alanı analizine dayalı sınıflandırılması / Classification of motor imagery electroencephalography signals based on time-frequency domain analysis,Motor görüntü elektroensefalografi sinyallerinin zaman-frekans alanı analizine dayalı sınıflandırılması,Classification of motor imagery electroencephalography signals based on time-frequency domain analysis,Istanbul University,İSTANBUL ÜNİVERSİTESİ-CERRAHPAŞA,Türkçe,Doktora,Mühendislik Bilimleri = Engineering Sciences,,,,,,false
991050,Pezju6o8CiUaL2289U0rYg,AlPTV-QQTOgUtoGq_p--uQ,SERKAN COŞKUN,2026,Depremde imal edilmiş riskler karşısında bireylerin mücadele kapasitesinin anlaşılmasına yönelik bir derin öğrenme modeli denemesi / A trial of a deep learning model to understand individuals\' coping capacities against manufactured risks in the earthquake,Depremde imal edilmiş riskler karşısında bireylerin mücadele kapasitesinin anlaşılmasına yönelik bir derin öğrenme modeli denemesi,A trial of a deep learning model to understand individuals\' coping capacities against manufactured risks in the earthquake,Hacettepe University,HACETTEPE ÜNİVERSİTESİ,Türkçe,Doktora,Sosyoloji = Sociology,,,,,,false
1001594,krQFbuaeO01Q5D9mduArRg,3Ou8tyJrbp6lG7_TXyWrDg,EZGİ ÇAVAŞ,2026,Fine-tuning medical large language models for differential diagnosis: from synthetic data to real-world evaluation / Tıp odaklı dil modellerini ayırıcı tanı için geliştirmek: Yapay veriden gerçek dünya değerlendirmesine doğru,Fine-tuning medical large language models for differential diagnosis: from synthetic data to real-world evaluation,Tıp odaklı dil modellerini ayırıcı tanı için geliştirmek: Yapay veriden gerçek dünya değerlendirmesine doğru,Middle East Technical University,ORTA DOĞU TEKNİK ÜNİVERSİTESİ,İngilizce,Yüksek Lisans,Bilgisayar Mühendisliği Bilimleri-Bilgisayar ve Kontrol = Computer Engineering and Computer Science and Control,,,,,,false
1001229,ZMFCDYAr6adrYgMxHp622w,tKOg4ncyZSLLes_qwwTvCw,ECE ÖZER ÇİZER,2026,E-atıkların elden çıkarılması ve geri kazanılması üzerine sürdürülebilir bir model önerisi / A sustainable model proposal for e-waste disposal and recovery,E-atıkların elden çıkarılması ve geri kazanılması üzerine sürdürülebilir bir model önerisi,A sustainable model proposal for e-waste disposal and recovery,Yıldız Technical University,YILDIZ TEKNİK ÜNİVERSİTESİ,Türkçe,Doktora,İşletme = Business Administration,,,,,,false
997240,KP6SVOSze61t9ejF6x-hHg,gZcFSAJ8u4VtgmWXRftlMg,MUHAMMET ŞAMİL İKİZOĞLU,2026,Türkçe e-ticaret yorumlarında transformer tabanlı duygu analizi / Transformer-based sentiment analysis on Turkish e-commerce reviews,Türkçe e-ticaret yorumlarında transformer tabanlı duygu analizi,Transformer-based sentiment analysis on Turkish e-commerce reviews,Istanbul Technical University,İSTANBUL TEKNİK ÜNİVERSİTESİ,Türkçe,Yüksek Lisans,Dilbilim = Linguistics ; Endüstri ve Endüstri Mühendisliği = Industrial and Industrial Engineering ; İşletme = Business Administration,,,,,,false
992803,Z8tD0BaaVJU7W_actRg5EQ,DSWYctZwgw6ix9tvrw2s7w,AHMED BEYATLI,2026,Multi-objective optimization of regenerative active suspension systems using data-driven reinforcement learning / Veri tabanlı pekiştirmeli öğrenme ile rejeneratif aktif süspansiyon sistemlerinin çok amaçlı optimizasyonu,Multi-objective optimization of regenerative active suspension systems using data-driven reinforcement learning,Veri tabanlı pekiştirmeli öğrenme ile rejeneratif aktif süspansiyon sistemlerinin çok amaçlı optimizasyonu,Istanbul Technical University,İSTANBUL TEKNİK ÜNİVERSİTESİ,İngilizce,Yüksek Lisans,Bilgisayar Mühendisliği Bilimleri-Bilgisayar ve Kontrol = Computer Engineering and Computer Science and Control,,,,,,false
992557,8wcfUzrdPo-4L9AAUKzjQQ,PEXLchhcIyXWEb6VDHiiwQ,MASOUD POORGHAFFAR AGHDAM,2026,A reinforcement learning-based approach for dynamic privacy protection in genomic data sharing beacons / Genomik veri paylaşım protokolü için dinamik gizlilik korumasına yönelik pekiştirmeli öğrenme tabanlı bir yaklaşım,A reinforcement learning-based approach for dynamic privacy protection in genomic data sharing beacons,Genomik veri paylaşım protokolü için dinamik gizlilik korumasına yönelik pekiştirmeli öğrenme tabanlı bir yaklaşım,Bilkent University,İHSAN DOĞRAMACI BİLKENT ÜNİVERSİTESİ,İngilizce,Yüksek Lisans,Bilgisayar Mühendisliği Bilimleri-Bilgisayar ve Kontrol = Computer Engineering and Computer Science and Control,,,,,,false
1002723,ZUUYVFqD7NN3mcwURypqPA,WMEoIDwpfZCEpO7TqH1t8Q,MUAMMER UĞUR,2026,Dinamik ödül tabanlı çok ajanlı pekiştirmeli öğrenme ile TR-VTOL iha kontrolü / Multi-agent reinforcement learning based control of TR-VTOL,Dinamik ödül tabanlı çok ajanlı pekiştirmeli öğrenme ile TR-VTOL iha kontrolü,Multi-agent reinforcement learning based control of TR-VTOL,Yıldız Technical University,YILDIZ TEKNİK ÜNİVERSİTESİ,Türkçe,Doktora,Bilgisayar Mühendisliği Bilimleri-Bilgisayar ve Kontrol = Computer Engineering and Computer Science and Control ; Havacılık ve Uzay Mühendisliği = Aeronautical Engineering ; Uçak Mühendisliği = Aeronautical Engineering,,,,,,false
999914,dw7IXEzE-Qy5BrxtbY9rFw,UAw0Sld28TJ8Z7fuc9aKkA,BÜŞRA KAYA,2026,R&D expenditures and productivity under financial conditions: Static and dynamic panel data analysis for firms in Turkiye / Finansal koşullar altında Ar-Ge giderleri ve verimlilik: Türkiye\'deki firmalara yönelik statik ve dinamik panel veri analizi,R&D expenditures and productivity under financial conditions: Static and dynamic panel data analysis for firms in Turkiye,Finansal koşullar altında Ar-Ge giderleri ve verimlilik: Türkiye\'deki firmalara yönelik statik ve dinamik panel veri analizi,Istanbul Technical University,İSTANBUL TEKNİK ÜNİVERSİTESİ,İngilizce,Yüksek Lisans,Ekonometri = Econometrics ; Ekonomi = Economics ; Maliye = Finance,,,,,,false
999003,YpNap06lD8CsyNtsGRDVQA,UXbfWia6H0LrrJ0mPGbYpw,ÇAĞDAŞ ATEŞ,2026,Tedarik zinciri çevikliğinin teknoloji temelli yetenekler ile performans ilişkisinde aracılık etkisi: Çevresel dinamizmin düzenleyici rolü / The mediating effect of supply chain agility on the relationship between technology-based capabilities and performance: The moderating role of environmental dynamism,Tedarik zinciri çevikliğinin teknoloji temelli yetenekler ile performans ilişkisinde aracılık etkisi: Çevresel dinamizmin düzenleyici rolü,The mediating effect of supply chain agility on the relationship between technology-based capabilities and performance: The moderating role of environmental dynamism,Istanbul University,İSTANBUL ÜNİVERSİTESİ,Türkçe,Doktora,Ulaşım = Transportation ; İşletme = Business Administration,,,,,,false
